Name,CMC,Type,Color,Set,Collector Number,Rarity,Color Category,Status,Finish,Maybeboard,Image URL,Image Back URL,Tags,Notes,MTGO ID
"Burnished Dunestomper",1,"Creature - Phyrexian Dog Warrior",W,"mom","43",common,White,Owned,Non-foil,false,"https://media.discordapp.net/attachments/1017887073727938691/1093614704951304363/mom-43-tarnished-dunestomper.png",,"Back-side","",109896
"Court Homunculus",1,"Artifact Creature - Homunculus",W,"mm2","13",common,w,Owned,Non-foil,false,"https://media.discordapp.net/attachments/1017887073727938691/1074800953938673664/Court_Homunculus.png",,"Test-Print","",57118
"Esper Sentinel",1,"Artifact Creature - Human Soldier",W,"mh2","12",rare,w,Owned,Non-foil,false,,,"Normal","",90393
"Giver of Runes",1,"Creature - Kor Cleric",W,"mh1","13",rare,w,Owned,Non-foil,false,,,"Normal","",72398
"Bushi Tenderfoot",1,"Legendary Creature - Human Samurai",W,"chk","2",uncommon,w,Owned,Non-foil,false,"https://media.discordapp.net/attachments/1017887073727938691/1141485425089851452/Kenzo-Alt.png",,"Back-side","",21205
"Mother of Runes",1,"Creature - Human Cleric",W,"sld","296",rare,w,Owned,Non-foil,false,,,"Normal","",
"Commander's Authority",1,"Creature - Kobold",W,"avr","13",mythic,w,Owned,Non-foil,false,"https://media.discordapp.net/attachments/1017887073727938691/1017900139387564072/unknown.png",,"Roborosewater","Trapped of Command R",44265
"Captain Eberhart",2,"Legendary Creature - Human Soldier",W,"ymid","3",mythic,w,Owned,Non-foil,false,"https://c1.scryfall.com/file/scryfall-cards/large/front/4/6/46c02d45-a882-4b24-999b-9214fa48f4c6.jpg",,"Alchemy","Captain Eberhart A",
"Cathar Commando",2,"Creature - Human Soldier",W,"mid","10",common,w,Owned,Non-foil,false,,,"Normal","",92942
"Crown of Empires",2,"Creature - Human Knight",W,"plist","250",rare,c,Owned,Non-foil,false,"https://media.discordapp.net/attachments/1017887073727938691/1038034141922480158/unknown.png",,"r/CustomMagic Bottom 5","",
"Drannith Magistrate",2,"Creature - Human Wizard",W,"iko","11",rare,w,Owned,Non-foil,false,,,"Normal","",80031
"It That Rides as One",2,"Creature - Eldrazi Horror",W,"emn","33",uncommon,w,Owned,Non-foil,false,"https://media.discordapp.net/attachments/1017887073727938691/1147611942853300234/emn-33-it-that-rides-as-one.png",,"Back-side","It That Rider as One T",61086
"Radiant Essence",2,"Creature - Elemental",W,"mir","276",uncommon,White,Owned,Non-foil,false,"https://media.discordapp.net/attachments/1017887073727938691/1126094043722563644/Radiant_Elemental.webp.png",,"Other-Games","",7225
"Spirit of the Labyrinth",2,"Enchantment Creature - Spirit",W,"bng","27",rare,w,Owned,Non-foil,false,,,"Normal","",51769
"Stoneforge Mystic",2,"Creature - Kor Artificer",W,"wwk","20",rare,w,Owned,Non-foil,false,,,"Normal","",35737
"Thalia, Guardian of Thraben",2,"Legendary Creature - Human Soldier",W,"sld","40",rare,w,Owned,Non-foil,false,,,"Normal","",
"Anointed Peacekeeper",3,"Creature - Human Cleric",W,"dmu","2",rare,w,Owned,Non-foil,false,,,"Normal","",102480
"Archon of Emeria",3,"Creature - Archon",W,"znr","4",rare,w,Owned,Non-foil,false,,,"Normal","",82943
"Elite Spellbinder",3,"Creature - Human Cleric",W,"stx","17",rare,w,Owned,Non-foil,false,,,"Normal","",88511
"Ordinary Pony",3,"Creature - Squirrel Horse",W,"ust","17",common,w,Owned,Non-foil,false,"https://media.discordapp.net/attachments/1017887073727938691/1149977017438187590/und-12-ordinary-pony.png",,"Host-Augment-Pair;Oddly-Sized","",
"Loran of the Third Path",3,"Legendary Creature - Human Artificer",W,"bro","12",rare,w,Owned,Non-foil,false,,,"Normal","",104642
"Magical Hacker",3,"Creature - Human",W,"unh","37",uncommon,u,Owned,Non-foil,false,"https://media.discordapp.net/attachments/1017887073727938691/1037884072904642660/unknown.png",,"Hellscube","",
"Stoneforge Mystic",3,"Legendary Creature - Elf Cleric",W,"wwk","20",rare,w,Owned,Non-foil,false,"https://media.discordapp.net/attachments/1017887073727938691/1038034280795869226/unknown.png",,"r/CustomMagic Bottom 5","",35737
"Monastery Mentor",3,"Creature - Human Monk",W,"plist","25",mythic,w,Owned,Non-foil,false,,,"Normal","",
"Recruiter of the Guard",3,"Creature - Human Soldier",W,"cn2","22",rare,w,Owned,Non-foil,false,"https://media.discordapp.net/attachments/1017887073727938691/1037888255133225170/unknown.png",,"Hellscube","",
"Recruiter of the Guard",3,"Creature - Human Soldier",W,"cn2","22",rare,w,Owned,Non-foil,false,,,"Normal","",
"Skyclave Apparition",3,"Creature - Kor Spirit",W,"znr","39",rare,w,Owned,Non-foil,false,,,"Normal","",83023
"Thalia, Heretic Cathar",3,"Legendary Creature - Human Soldier",W,"emn","46",rare,w,Owned,Non-foil,false,,,"Normal","",61308
"White Plume Adventurer",3,"Creature - Orc Cleric",W,"clb","49",rare,w,Owned,Non-foil,false,,,"Normal","",100096
"Elesh Norn, Grand Cenobite",4,"Creature - Prae-",W,"mm2","16",common,w,Owned,Non-foil,false,"https://media.discordapp.net/attachments/1017887073727938691/1037888256135663636/unknown.png",,"Hellscube","",57312
"Heliod, the Warped Eclipse",4,"Legendary Enchantment Creature - Phyrexian God",W,"mom","17",rare,White,Owned,Non-foil,false,"https://media.discordapp.net/attachments/1017887073727938691/1093607028276084826/mom-17-heliod-the-warped-eclipse.png",,"Back-side","",109830
"Palace Jailer",4,"Creature - Human Soldier",W,"cn2","18",uncommon,w,Owned,Non-foil,false,,,"Normal","",
"Seasoned Dungeoneer",4,"Creature - Human Warrior",W,"clb","660",rare,w,Owned,Non-foil,false,,,"Normal","",101416
"Rules Lawyer",5,"Artifact Creature - Cyborg Advisor",W,"ust","20",rare,w,Owned,Non-foil,false,,,"Silver-bordered","",
"Solitude",5,"Creature - Elemental Incarnation",W,"mh2","32",mythic,w,Owned,Non-foil,false,,,"Normal","",90433
"Do-It-Yourself Seraph",6,"Artifact Creature - Cyborg Angel",W,"ust","6",mythic,w,Owned,Non-foil,false,,,"Silver-bordered","",
"Brisela, Voice of Nightmares",11,"Legendary Creature - Eldrazi Angel",W,"pemn","15bs",mythic,w,Owned,Non-foil,false,"https://media.discordapp.net/attachments/1017887073727938691/1147613800430833794/emn-15b-brisela-voice-of-nightmares.png",,"Back-side","Brisela, Voice of Nightmares T",
"Iona, Shield of Emeria",9,"Legendary Creature - Angel",W,"zen","13",mythic,w,Owned,Non-foil,false,,,"Normal","",34614
"Gideon, Battle-Forged",1,"Legendary Planeswalker - Gideon",W,"ori","23",mythic,w,Owned,Non-foil,false,"https://media.discordapp.net/attachments/954868150845993020/956591655660711966/ori-23-gideon-battle-forged.png",,"Back-side","Gideon, Battle-Forged T",57876
"Thought Eater",4,"Legendary Planeswalker - Kaya",W,"ody","106",uncommon,White,Owned,Non-foil,false,"https://media.discordapp.net/attachments/1017887073727938691/1093594223539929300/image0.png",,"Roborosewater","",16895
"Enlightened Tutor",1,"Instant",W,"ema","9",rare,w,Owned,Non-foil,false,,,"Normal","",60889
"March of Otherworldly Light",1,"Instant",W,"neo","28",rare,w,Owned,Non-foil,false,,,"Normal","",96966
"Path to Exile",1,"Instant",W,"sld","477",rare,w,Owned,Non-foil,false,,,"Normal","",
"Swords to Plowshares",1,"Instant",W,"sld","110",rare,w,Owned,Non-foil,false,,,"Normal","",
"Contraband Livestock",2,"Instant",W,"clb","12",uncommon,w,Owned,Non-foil,false,"https://media.discordapp.net/attachments/1017887073727938691/1123633434095525938/clb-12-contraband-livestock.png",,"Erratad","",
"Mana Tithe",2,"Instant",W,"plc","25",common,w,Owned,Non-foil,false,"https://media.discordapp.net/attachments/631289553415700492/650464322425716766/2152yswpgky31.png",,"Hellscube","Once Upon a Tithe H",26511
"Swords to Plowshares",2,"Instant",W,"3ed","41",uncommon,w,Owned,Non-foil,false,"https://media.discordapp.net/attachments/1017887073727938691/1149972480451162164/Peacefulness.png",,"Duplicate Sealed Invitat","",
"Swords to Plowshares",3,"Instant",W,"3ed","41",uncommon,w,Owned,Non-foil,false,"https://media.discordapp.net/attachments/1017887073727938691/1074803329705713674/https_cdn.png",,"Hellscube","",
"Prismatic Ending",1,"Sorcery",W,"mh2","25",uncommon,w,Owned,Non-foil,false,,,"Normal","",90419
"Angelic Ascension",2,"Sorcery",W,"m21","3",uncommon,w,Owned,Non-foil,false,"https://media.discordapp.net/attachments/1017887073727938691/1074800770362380318/Angelic_Tutor.png",,"Inquest","",81233
"Balance",2,"Sorcery",W,"leb","3",rare,w,Owned,Non-foil,false,,,"Normal","",
"Clash of Titans",2,"Sorcery",W,"iko","111",rare,r,Owned,Non-foil,false,"https://media.discordapp.net/attachments/1017887073727938691/1037884255889526964/unknown.png",,"Roborosewater","",80231
"Gather the Townsfolk",2,"Sorcery",W,"ddq","12",uncommon,w,Owned,Non-foil,false,"https://media.discordapp.net/attachments/1017887073727938691/1149973702734254100/GatherTheTownsfolk.png",,"Playtest;Commander","",
"Martyr's Cry",2,"Sorcery",W,"drk","12",rare,w,Owned,Non-foil,false,"https://media.discordapp.net/attachments/1017887073727938691/1126410082192723979/drk-12-martyr-s-cry.png",,"Erratad","",
"Oblivion Strike",2,"Tribal Sorcery - Eldrazi",W,"ogw","75",uncommon,b,Owned,Non-foil,false,"https://media.discordapp.net/attachments/1012156611197935686/1018262299766702170/unknown.png",,"Brazil Cube","Spaghettificate B",59299
"White Sun's Twilight",2,"Sorcery",W,"one","38",rare,w,Owned,Non-foil,false,"https://media.discordapp.net/attachments/1017887073727938691/1123629758987653190/one-38-white-sun-s-twilight.png",,"Erratad","",106291
"Council's Judgment",3,"Sorcery",W,"cns","16",rare,w,Owned,Non-foil,false,,,"Normal","",
"The Battle of Bywater",3,"Sorcery",W,"ltr","2",rare,w,Owned,Non-foil,false,,,"Normal","",111914
"Lightshield Array",2,"Enchantment",W,"mom","22",rare,w,Owned,Non-foil,false,"https://media.discordapp.net/attachments/1017887073727938691/1093607060752576532/mom-22-lightshield-array.png",,"Back-side","",109846
"Moat",4,"Enchantment",W,"leg","28",rare,w,Owned,Non-foil,false,,,"Normal","",
"The Argent Etchings",4,"Enchantment - Saga",W,"mom","12",mythic,w,Owned,Non-foil,false,"https://media.discordapp.net/attachments/1017887073727938691/1093595303745179668/mom-12-the-argent-etchings.png",,"Back-side","",109818
"Leyline Binding",6,"Enchantment",W,"dmu","24",rare,w,Owned,Non-foil,false,,,"Normal","",102524
"Crab",1,"Creature - Crabless Pirate",U,"tmh2","2",uncommon,u,Owned,Non-foil,false,"https://media.discordapp.net/attachments/1017887073727938691/1037884073328254986/unknown.png",,"Brazil Cube","",
"Insectile Aberration",1,"Creature - Human Insect",U,"isd","51",common,u,Owned,Non-foil,false,"https://media.discordapp.net/attachments/954868150845993020/956592126383251486/mid-47-insectile-aberration.png",,"Back-side","Insectile Aberration T",42436
"Phyrexian Hulk",1,"Creature - Bird",U,"nph","150",uncommon,c,Owned,Non-foil,false,"https://media.discordapp.net/attachments/1017887073727938691/1017900024409100318/unknown.png",,"Roborosewater","Phyrexian en-Oth R",39740
"Faerie Mastermind",2,"Creature - Faerie Rogue",U,"mom","58",rare,u,Owned,Non-foil,false,,,"Normal","",109930
"Ledger Shredder",2,"Creature - Bird Advisor",U,"snc","46",rare,u,Owned,Non-foil,false,,,"Normal","",98311
"Ludevic's Abomination",2,"Creature - Lizard Horror",U,"isd","64",rare,u,Owned,Non-foil,false,"https://media.discordapp.net/attachments/954868150845993020/956592387092774923/isd-64-ludevic-s-abomination.png",,"Back-side","Ludevic's Abomination T",42336
"Magical Hacker",2,"Creature - Human Gamer",U,"unh","37",uncommon,u,Owned,Non-foil,false,,,"Silver-bordered","",
"Rona, Tolarian Obliterator",2,"Legendary Creature - Phyrexian Wizard",U,"mom","75",rare,Blue,Owned,Non-foil,false,"https://media.discordapp.net/attachments/1017887073727938691/1093613785794752683/mom-75-rona-tolarian-obliterator.png",,"Back-side","",109976
"Seafaring Werewolf",2,"Creature - Werewolf",U,"mid","80",rare,m,Owned,Non-foil,false,"https://media.discordapp.net/attachments/954868150845993020/956592613618749470/mid-80-seafaring-werewolf.png",,"Back-side","Seafaring Werewolf T",93106
"Snapcaster Mage",2,"Creature - Human Wizard",U,"plist","519",rare,u,Owned,Non-foil,false,,,"Normal","",
"Thieving Skydiver",2,"Creature - Merfolk Rogue",U,"znr","85",rare,u,Owned,Non-foil,false,,,"Normal","",83127
"Student of Elements",2,"Legendary Creature - Human Wizard",U,"chk","93",uncommon,u,Owned,Non-foil,false,"https://media.discordapp.net/attachments/1017887073727938691/1141484670660378684/Tobita.png",,"Back-side","Tobita, Master of Winds F",21233
"Voracious Reader",2,"Creature - Eldrazi Homunculus",U,"emn","54",uncommon,u,Owned,Non-foil,false,"https://media.discordapp.net/attachments/1017887073727938691/1147613785889177600/emn-54-voracious-reader.png",,"Back-side","Voracious Reader T",61360
"Brazen Borrower",3,"Creature - Faerie Rogue",U,"eld","39",mythic,u,Owned,Non-foil,false,,,"Normal","",78180
"Champion of Wits",3,"Creature - Zombie Naga Wizard",U,"c21","116",rare,u,Owned,Non-foil,false,"https://media.discordapp.net/attachments/1017887073727938691/1147615460007878727/tncc-14-champion-of-wits.png",,"Token","",89333
"Emry, Lurker of the Loch",3,"Legendary Creature - Merfolk Wizard",U,"nec","91",rare,u,Owned,Non-foil,false,,,"Normal","",
"Hullbreacher",3,"Creature - Merfolk Pirate",U,"cmr","74",rare,u,Owned,Non-foil,false,,,"Normal","",84930
"True-Name Nemesis",3,"Creature - Merfolk Rogue",U,"bbd","136",mythic,u,Owned,Non-foil,false,,,"Normal","",
"Urza, Lord High Artificer",4,"Legendary Creature - Wizard Artificer",U,"h1r","11",rare,u,Owned,Non-foil,false,"https://media.discordapp.net/attachments/1017887073727938691/1038034089715974174/unknown.png",,"r/CustomMagic Bottom 5","",
"Urza, Lord High Artificer",4,"Legendary Creature - Human Artificer",U,"mh1","75",mythic,u,Owned,Non-foil,false,,,"Normal","",72522
"Forerunner of the Heralds",6,"Legendary Creature - Fish God",U,"rix","129",mythic,g,Owned,Non-foil,false,"https://media.discordapp.net/attachments/1017887073727938691/1038033819229487124/unknown.png",,"r/CustomMagic Bottom 5","",66711
"Jace, Telepath Unbound",2,"Legendary Planeswalker - Jace",U,"ori","60",mythic,u,Owned,Non-foil,false,"https://media.discordapp.net/attachments/954868150845993020/956593447979089980/ori-60-jace-telepath-unbound.png",,"Back-side","Jace, Telepath Unbound T",57880
"Narset, Parter of Veils",3,"Legendary Planeswalker - Narset",U,"war","61★",uncommon,u,Owned,Non-foil,false,,,"Normal","",
"Jace, the Mind Sculptor",4,"Legendary Planeswalker - Jace",U,"wwk","31",mythic,u,Owned,Non-foil,false,,,"Normal","",35591
"Pact of Negation",0,"Instant",U,"tsr","77",rare,u,Owned,Non-foil,false,"https://cdn.discordapp.com/attachments/1017887073727938691/1038908870279561246/pact-of-negation.png",,"Erratad","",86517
"Ancestral Recall",1,"Instant",U,"2ed","48",rare,u,Owned,Non-foil,false,,,"Normal","",
"Brainstorm",1,"Instant",U,"sta","13",rare,u,Owned,Non-foil,false,,,"Normal","",89083
"Flusterstorm",1,"Instant",U,"cmd","46",rare,u,Owned,Non-foil,false,,,"Normal","",40625
"Lobe Lobber",1,"Instant",U,"ust","153",uncommon,c,Owned,Non-foil,false,"https://media.discordapp.net/attachments/1017887073727938691/1038033115249131590/unknown.png",,"r/CustomMagic Bottom 5","",
"Mental Misstep",1,"Instant",U,"sld","1179",rare,u,Owned,Non-foil,false,,,"Normal","",
"Mental Misstep",1,"Instant",U,"nph","38",uncommon,u,Owned,Non-foil,false,"https://media.discordapp.net/attachments/1017887073727938691/1017900279485693992/unknown.png",,"Hellscube","Mental step H",39920
"Mystical Tutor",1,"Instant",U,"6ed","83",uncommon,u,Owned,Non-foil,false,,,"Normal","",
"Spell Pierce",1,"Instant",U,"sld","41",rare,u,Owned,Non-foil,false,,,"Normal","",
"Brain Freeze",2,"Instant",U,"scg","29",uncommon,u,Owned,Non-foil,false,,,"Normal","",18932
"Counterspell",2,"Instant",U,"dmr","45",common,u,Owned,Non-foil,false,"https://media.discordapp.net/attachments/1017887073727938691/1074800953657667654/Counterspell.png",,"Alpha-Playtest","",107579
"Daze",2,"Instant",U,"jvc","23",common,u,Owned,Non-foil,false,,,"Normal","",
"Mana Drain",2,"Instant",U,"2x2","348",mythic,u,Owned,Non-foil,false,,,"Normal","",
"Opt",2,"Instant",U,"sld","111",rare,u,Owned,Non-foil,false,"https://media.discordapp.net/attachments/631289553415700492/650463466242441246/fuWSZsfoL-iAlGYMuGQTlpCsUhhL14e61pNRZLAIxOc.png",,"Hellscube","Opt Twice H",
"Counterbore",3,"Instant",U,"dpa","5",uncommon,u,Owned,Non-foil,false,"https://media.discordapp.net/attachments/1017887073727938691/1149972386284834857/CounterBloom.png",,"Duplicate Sealed Invitat","",34231
"Force of Negation",3,"Instant",U,"mh1","52",rare,u,Owned,Non-foil,false,,,"Normal","",72476
"Frantic Search",3,"Instant",U,"sld","228",rare,u,Owned,Non-foil,false,,,"Normal","",
"Hibernation",3,"Instant",U,"usg","79",uncommon,u,Owned,Non-foil,false,"https://media.discordapp.net/attachments/1017887073727938691/1123634350706151504/8ed-82-hibernation.png",,"Erratad","",12127
"Mental Misstep",3,"Instant",U,"nph","38",uncommon,u,Owned,Non-foil,false,"https://media.discordapp.net/attachments/1017887073727938691/1037888256899031110/unknown.png",,"Making Magic","",39920
"Gifts Given",4,"Instant",U,"hho","7†",rare,u,Owned,Non-foil,false,,,"Happy-Holidays","",
"Flow of Ideas",4,"Instant",U,"rav","50",common,u,Owned,Non-foil,false,"https://media.discordapp.net/attachments/1017887073727938691/1132324782394855464/image.png",,"Playtest","",23602
"Force of Will",5,"Instant",U,"dmr","50",mythic,u,Owned,Non-foil,false,,,"Normal","",107589
"Gush",5,"Instant",U,"jvc","27",common,u,Owned,Non-foil,false,,,"Normal","",
"Misdirection",5,"Instant",U,"cns","102",rare,u,Owned,Non-foil,false,,,"Normal","",
"Dig Through Time",8,"Instant",U,"sld","97",rare,u,Owned,Non-foil,false,,,"Normal","",
"Gitaxian Probe",1,"Sorcery",U,"nph","35",common,u,Owned,Non-foil,false,,,"Normal","",39976
"Live Fast",1,"Sorcery",U,"kld","87",uncommon,b,Owned,Non-foil,false,"https://media.discordapp.net/attachments/1017887073727938691/1038033165228457984/unknown.png",,"r/CustomMagic Bottom 5","",61677
"Ponder",1,"Sorcery",U,"m10","68",common,u,Owned,Non-foil,false,,,"Normal","",32923
"Preordain",1,"Sorcery",U,"sld","186",rare,u,Owned,Non-foil,false,,,"Normal","",89933
"Time Walk",2,"Sorcery",U,"leb","84",rare,u,Owned,Non-foil,false,,,"Normal","",
"Drawn Together",2,"Sorcery",U,"unh","8",rare,w,Owned,Non-foil,false,"https://media.discordapp.net/attachments/1017887073727938691/1093593827782180864/IMG_3253.png",,"Playtest","",
"Timetwister",3,"Sorcery",U,"2ed","85",rare,u,Owned,Non-foil,false,,,"Normal","",
"Tinker",3,"Sorcery",U,"ulg","45",uncommon,u,Owned,Non-foil,false,,,"Normal","",12623
"Lórien Revealed",5,"Sorcery",U,"ltr","60",common,u,Owned,Non-foil,false,,,"Normal","",112030
"Mind's Desire",6,"Sorcery",U,"sta","17",mythic,u,Owned,Non-foil,false,,,"Normal","",89091
"Time Spiral",6,"Sorcery",U,"usg","103",rare,u,Owned,Non-foil,false,,,"Normal","",12385
"Treasure Cruise",8,"Sorcery",U,"uma","79",common,u,Owned,Non-foil,false,,,"Normal","",70231
"Hauken's Insight",2,"Legendary Enchantment",U,"vow","65",mythic,u,Owned,Non-foil,false,"https://media.discordapp.net/attachments/954868150845993020/956593793434517554/vow-65-hauken-s-insight.png",,"Back-side","Hauken's Insight T",94436
"Portrait of Michiko",2,"Enchantment",U,"neo","29",rare,Blue,Owned,Non-foil,false,"https://media.discordapp.net/attachments/1017887073727938691/1123629024787304468/https_cdn.png",,"Hellscube","",96968
"The Antiquities War",4,"Enchantment - Saga",U,"dom","42",rare,u,Owned,Non-foil,false,"https://media.discordapp.net/attachments/1017887073727938691/1017887286781804624/the-antiquities-war.png",,"Erratad","The Antiquities War RA",67549
"The Great Synthesis",5,"Enchantment - Saga",U,"mom","65",mythic,u,Owned,Non-foil,false,"https://media.discordapp.net/attachments/1017887073727938691/1093596226567548938/mom-65-the-great-synthesis.png",,"Back-side","",109952
"Morgue Burst",1,"Creature - Human Rogue",B,"dgm","86",mythic,m,Owned,Non-foil,false,"https://media.discordapp.net/attachments/1017887073727938691/1017899966649344101/unknown.png",,"Roborosewater","Ashel Burst R",48408
"Putrid Imp",1,"Creature - Zombie Imp",B,"tor","77",common,b,Owned,Non-foil,false,,,"Normal","",17167
"Scion of the Wild",1,"Creature",B,"10e","295",rare,Black,Owned,Non-foil,false,"https://media.discordapp.net/attachments/1017887073727938691/1132324274854690867/ScionDeep.png",,"Other-Games","",27735
"Dauthi Voidwalker",2,"Creature - Dauthi Rogue",B,"mh2","81",rare,b,Owned,Non-foil,false,,,"Normal","",90535
"Gitaxian Mindstinger",2,"Creature - Phyrexian Rogue",B,"mom","88",common,Black,Owned,Non-foil,false,"https://media.discordapp.net/attachments/1017887073727938691/1093617862909902989/mom-88-gitaxian-mindstinger.png",,"Back-side","",110006
"Dirty Rat",2,"Creature - Cat Rat",B,"und","34",common,b,Owned,Non-foil,false,"https://media.discordapp.net/attachments/1017887073727938691/1149977054893330442/und-34-dirty-rat.png",,"Host-Augment-Pair","",
"Orcish Bowmasters",2,"Creature - Orc Archer",B,"ltr","103",rare,b,Owned,Non-foil,false,,,"Normal","",112116
"Noxious Groodion",2,"Legendary Creature - Goblin Bard",B,"rna","78",common,b,Owned,Non-foil,false,"https://media.discordapp.net/attachments/1017887073727938691/1099467745491435540/Zalin.png",,"Hellscube","",71156
"Ayara, Furnace Queen",3,"Legendary Creature - Phyrexian Elf Noble",B,"mom","90",rare,Black,Owned,Non-foil,false,"https://media.discordapp.net/attachments/1017887073727938691/1093598123726737469/mom-90-ayara-furnace-queen.png",,"Back-side","",110012
"Charix, the Raging Isle",3,"Legendary Creature - Beast",B,"znr","49",mythic,Black,Owned,Non-foil,false,"https://media.discordapp.net/attachments/1017887073727938691/1141013634852601986/Crusty.png",,"Other-Games","",83047
"Ormendahl, the Corrupter",3,"Legendary Creature - Demon",B,"mid","109",mythic,b,Owned,Non-foil,false,"https://media.discordapp.net/attachments/954868150845993020/956594089128755211/mid-109-ormendahl-the-corrupter.png",,"Back-side","Ormendahl, the Corrupter T",93178
"Rotting Regisaur",3,"Creature - Zombie Dinosaur",B,"m20","111",rare,b,Owned,Non-foil,false,,,"Normal","",73121
"Sedgemoor Witch",3,"Creature - Human Warlock",B,"stx","86",rare,b,Owned,Non-foil,false,,,"Normal","",88649
"Buried Ogre",4,"Creature - Zombie Ogre",B,"cmb2","36",rare,b,Owned,Non-foil,false,,,"Playtest","",
"Grief",4,"Creature - Elemental Incarnation",B,"mh2","87",mythic,b,Owned,Non-foil,false,,,"Normal","",90547
"Sheoldred, the Apocalypse",4,"Legendary Creature - Phyrexian Praetor",B,"dmu","107",mythic,b,Owned,Non-foil,false,,,"Normal","",102690
"Trickster Mage",4,"Creature - Naga",B,"nem","49",common,Black,Owned,Non-foil,false,"https://media.discordapp.net/attachments/1017887073727938691/1126094058813665381/SwiftscaleTrickster.webp.png",,"Other-Games","",13897
"Soulflayer",6,"Creature - Demon",B,"frf","84",rare,b,Owned,Non-foil,false,"https://media.discordapp.net/attachments/1017887073727938691/1123628478382743612/c20-138-soulflayer.png",,"Erratad","",55418
"Forgefire Automaton",7,"Artifact Creature -- Construct",B,"ybro","26",mythic,b,Owned,Non-foil,false,"https://media.discordapp.net/attachments/1017887073727938691/1060611186648957079/forgefire-automaton.png",,"Alchemy;Erratad","",
"Archon of Cruelty",8,"Creature - Archon",B,"mh2","75",mythic,b,Owned,Non-foil,false,,,"Normal","",90523
"Griselbrand",8,"Legendary Creature - Demon",B,"sld","160",mythic,b,Owned,Non-foil,false,,,"Normal","",
"Slaughter Pact",0,"Instant",B,"fut","78",rare,b,Owned,Non-foil,false,"https://media.discordapp.net/attachments/1017887073727938691/1060611361270407168/slaughter-pact.png",,"Erratad","",26762
"Hymn to Tourach",1,"Instant",B,"ema","92",rare,b,Owned,Non-foil,false,"https://media.discordapp.net/attachments/1017887073727938691/1123629554112671924/xerent-ancestralhymn1.png",,"Good Gamery","",60783
"Booster Tutor",1,"Instant",B,"und","33",uncommon,b,Owned,Non-foil,false,,,"Silver-bordered","",
"Dark Ritual",1,"Instant",B,"leb","99",common,b,Owned,Non-foil,false,"https://media.discordapp.net/attachments/954868150845993020/1011068967407845427/unknown.png",,"Hellscube","Dank Ritual H",
"Dark Ritual",1,"Instant",B,"sld","1170",rare,b,Owned,Non-foil,false,,,"Normal","",
"Entomb",1,"Instant",B,"uma","94",rare,b,Owned,Non-foil,false,,,"Normal","",70261
"Fatal Push",1,"Instant",B,"sld","112",rare,b,Owned,Non-foil,false,,,"Normal","",
"Vampiric Tutor",1,"Instant",B,"vis","72",rare,b,Owned,Non-foil,false,,,"Normal","",7777
"Power Word Kill",2,"Instant",B,"afr","114",uncommon,b,Owned,Non-foil,false,,,"Normal","",91730
"Force of Despair",3,"Instant",B,"mh1","92",rare,b,Owned,Non-foil,false,,,"Normal","",72556
"Snuff Out",4,"Instant",B,"mmq","162",common,b,Owned,Non-foil,false,,,"Normal","",13495
"Nemesis Trap",6,"Instant - Trap",B,"wwk","61",uncommon,b,Owned,Non-foil,false,"https://media.discordapp.net/attachments/1017887073727938691/1123638880286036058/cmd-91-nemesis-trap.png",,"Erratad","",35563
"Bone Shards",1,"Sorcery",B,"mh2","76",common,b,Owned,Non-foil,false,,,"Normal","",90525
"Contract from Below",1,"Sorcery",B,"3ed","97",rare,b,Owned,Non-foil,false,,,"Ante","",
"Imperial Seal",1,"Sorcery",B,"2x2","354",mythic,b,Owned,Non-foil,false,,,"Normal","",
"Inquisition of Kozilek",1,"Sorcery",B,"sld","1152",rare,b,Owned,Non-foil,false,,,"Normal","",
"Mind Twist",1,"Sorcery",B,"leb","116",rare,b,Owned,Non-foil,false,,,"Normal","",
"Reanimate",1,"Sorcery",B,"uma","110",rare,b,Owned,Non-foil,false,,,"Normal","",70017
"Subcontract",1,"Sorcery",B,"ust","73",common,b,Owned,Non-foil,false,"https://media.discordapp.net/attachments/1017887073727938691/1093586402203156643/ust-73-subcontract.png",,"Erratad;Silver-bordered","",
"Thoughtseize",1,"Sorcery",B,"sld","1117",rare,b,Owned,Non-foil,false,,,"Normal","",
"Demonic Tutor",2,"Sorcery",B,"sta","27",mythic,b,Owned,Non-foil,false,,,"Normal","",89111
"Enthralling Victor",2,"Sorcery",B,"ori","142",uncommon,r,Owned,Non-foil,false,"https://media.mtgsalvation.com/attachments/78/845/635032491836172791.jpg",,"Sorcerer's Apprentice","Enthrall S",58002
"Exhume",2,"Sorcery",B,"brb","24",common,b,Owned,Non-foil,false,,,"Normal","",
"Record Store",2,"Sorcery",B,"ust","201",rare,c,Owned,Non-foil,false,"https://media.discordapp.net/attachments/1017887073727938691/1061091406933930114/Reproduction_of_Records.png",,"Other-Games","",
"Unmarked Grave",2,"Sorcery",B,"mh2","106",rare,b,Owned,Non-foil,false,,,"Normal","",90585
"Imaginary Friends",3,"Sorcery - Song",B,"cmb1","7",rare,Black,Owned,Non-foil,false,"https://media.discordapp.net/attachments/1017887073727938691/1149988828606648422/FriendsFromTheOtherSide.png",,"Other-Games","",
"Yawgmoth's Will",3,"Sorcery",B,"usg","171",rare,b,Owned,Non-foil,false,,,"Normal","",12349
"Beseech the Mirror",4,"Sorcery",B,"woe","82",mythic,b,Owned,Non-foil,false,,,"Normal","",116474
"Damnation",4,"Sorcery",B,"plc","85",rare,b,Owned,Non-foil,false,,,"Normal","",26279
"Tendrils of Agony",4,"Sorcery",B,"scg","75",uncommon,b,Owned,Non-foil,false,,,"Normal","",18866
"Unmask",4,"Sorcery",B,"mmq","168",rare,b,Owned,Non-foil,false,,,"Normal","",13535
"Rite of Consumption",5,"Sorcery",B,"shm","76",common,b,Owned,Non-foil,false,"https://media.discordapp.net/attachments/1017887073727938691/1038033857993244682/unknown.png",,"r/CustomMagic Bottom 5","",29861
"Bolas's Citadel",6,"Legendary Artifact",B,"sld","1187",rare,b,Owned,Non-foil,false,,,"Normal","",
"Necro-Impotence",3,"Enchantment",B,"unh","60",rare,b,Owned,Non-foil,false,,,"Silver-bordered","",
"Necropotence",3,"Enchantment",B,"slc","1995",mythic,b,Owned,Non-foil,false,,,"Normal","",
"Recurring Nightmare",3,"Enchantment",B,"exo","72",rare,b,Owned,Non-foil,false,,,"Normal","",10583
"Liliana, Waker of the Dead Emblem",4,"Enchantment",B,"tm21","18",common,Black,Owned,Non-foil,false,"https://media.discordapp.net/attachments/1017887073727938691/1123652314587209829/tm21-18-liliana-waker-of-the-dead-emblem.png",,"Emblem","",
"The Abyss",4,"World Enchantment",B,"prm","46938",rare,b,Owned,Non-foil,false,,,"Normal","",46938
"The True Scriptures",5,"Enchantment - Saga",B,"mom","125",mythic,b,Owned,Non-foil,false,"https://media.discordapp.net/attachments/1017887073727938691/1093595823406854254/mom-125-the-true-scriptures.png",,"Back-side","",110096
"Yawgmoth's Bargain",6,"Enchantment",B,"uds","75",rare,b,Owned,Non-foil,false,,,"Normal","",12853
"Animate Dead",2,"Enchantment - Aura",B,"p22","7",rare,b,Owned,Non-foil,false,,,"Normal","",
"Dualcaster Mage",0,"Legendary Artifact Creature - Pizza",R,"c14","34",rare,r,Owned,Non-foil,false,"https://media.discordapp.net/attachments/1017887073727938691/1061091406602588322/freaky_pizza.png",,"Construct-a-Card","",55101
"Ben-Ben, Akki Hermit",1,"Legendary Creature - Goblin Berserker",R,"chk","157",rare,r,Owned,Non-foil,false,"https://media.discordapp.net/attachments/954868150845993020/1011068837153742848/unknown.png",,"Hellscube","Beep-Beep, Akki Rager H",21023
"Dragon's Rage Channeler",1,"Creature - Human Shaman",R,"mh2","121",uncommon,r,Owned,Non-foil,false,,,"Normal","",90615
"Mana Flare",1,"Creature - Wizard",R,"30a","158",rare,r,Owned,Non-foil,false,"https://media.discordapp.net/attachments/1017887073727938691/1149972446682824734/FlareMage.png",,"Duplicate Sealed Invitat","",
"Goblin Welder",1,"Creature - Goblin Artificer",R,"ddu","35",mythic,r,Owned,Non-foil,false,,,"Normal","",
"Rally the Peasants",1,"Creature",R,"uma","28",common,m,Owned,Non-foil,false,"https://media.discordapp.net/attachments/1017887073727938691/1126094020028923994/Peasant.png.png",,"Other-Games","Peasant O",70129
"Ragavan, Nimble Pilferer",1,"Legendary Creature - Monkey Pirate",R,"mh2","138",mythic,r,Owned,Non-foil,false,,,"Normal","",90653
"Ashmouth Dragon",2,"Creature - Dragon",R,"mid","159",rare,r,Owned,Non-foil,false,"https://media.discordapp.net/attachments/954868150845993020/956595767722795038/mid-159-ashmouth-dragon.png",,"Back-side","Ashmouth Dragon T",93292
"Atog",2,"Creature - Atog",R,"atq","23",common,r,Owned,Non-foil,false,"https://media.discordapp.net/attachments/1017887073727938691/1074800770618237080/Atog.png",,"Inquest","",
"Defiant Thundermaw",2,"Creature - Dragon",R,"mom","149",mythic,r,Owned,Non-foil,false,"https://media.discordapp.net/attachments/1017887073727938691/1093596963653566474/mom-149-defiant-thundermaw.png",,"Back-side","",110158
"Dreadhorde Arcanist",2,"Creature - Zombie Wizard",R,"war","125",rare,r,Owned,Non-foil,false,,,"Normal","",71856
"Gitaxian Spellstalker",2,"Creature - Phyrexian Jackal",R,"mom","151",uncommon,Red,Owned,Non-foil,false,"https://media.discordapp.net/attachments/1017887073727938691/1093612680771809400/mom-151-gitaxian-spellstalker.png",,"Back-side","",110164
"Goblin Engineer",2,"Creature - Goblin Artificer",R,"mh1","128",rare,r,Owned,Non-foil,false,,,"Normal","",72628
"Common Iguana",2,"Host Creature - Lizard",R,"und","50",common,r,Owned,Non-foil,false,"https://media.discordapp.net/attachments/954868150845993020/1010971209065828392/half-orc-half-iguana.png",,"Host-Augment-Pair;Oddly-Sized","Half-Orc, Half-Iguana HA",
"Harmonic Prodigy",2,"Creature - Human Wizard",R,"mh2","132",rare,r,Owned,Non-foil,false,"https://media.discordapp.net/attachments/1017887073727938691/1017887251960696972/harmonic-prodigy.png",,"Erratad","Harmonic Prodigy E",90641
"Beetleback Chief",2,"Creature - Insect",R,"pc2","40",uncommon,r,Owned,Non-foil,false,"https://media.discordapp.net/attachments/1017887073727938691/1037884071386292314/unknown.png",,"Astral-Choas","",45056
"Birgi, God of Storytelling",3,"Legendary Creature - God",R,"khm","123",rare,r,Owned,Non-foil,false,,,"Normal","",87579
"Bonecrusher Giant",3,"Creature - Giant",R,"eld","115",rare,r,Owned,Non-foil,false,,,"Normal","",78352
"Junkyard Scrapper",3,"Creature - Goblin Artificer",R,"yneo","20",rare,r,Owned,Non-foil,false,,,"Alchemy","",
"Simian Spirit Guide",3,"Creature - Ape Spirit",R,"tsr","190",common,r,Owned,Non-foil,false,,,"Normal","",86755
"_____ Goblin",3,"Creature - Goblin Guest",R,"unf","393",common,r,Owned,Non-foil,false,"https://media.discordapp.net/attachments/1017887073727938691/1149979046101393408/unf-107-_____-goblin.png",,"Erratad","",
"Volatile Chimera",3,"Creature - Elemental Chimera",R,"cn2","59",rare,r,Owned,Non-foil,false,,,"Draft-matters","",
"Caves of Chaos Adventurer",4,"Creature - Human Barbarian",R,"clb","167",rare,r,Owned,Non-foil,false,,,"Normal","",100356
"Howlpack Avenger",4,"Creature - Werewolf",R,"vow","162",rare,r,Owned,Non-foil,false,"https://media.discordapp.net/attachments/954868150845993020/956595064061169734/vow-162-howlpack-avenger.png",,"Back-side","Howlpack Avenger T",94664
"Refraction Elemental",4,"Creature - Elemental",R,"mom","146",rare,r,Owned,Non-foil,false,"https://media.discordapp.net/attachments/1017887073727938691/1093611070012268665/mom-146-refraction-elemental.png",,"Back-side","",110146
"Rukh Egg",4,"Creature - Bird Egg",R,"arn","43†",common,r,Owned,Non-foil,false,"https://media.discordapp.net/attachments/1017887073727938691/1060611295348539452/rukh-egg.png",,"Erratad","",
"Tovolar's Magehunter",4,"Creature - Werewolf",R,"dka","98",rare,r,Owned,Non-foil,false,"https://media.discordapp.net/attachments/954868150845993020/1011382408756592730/tovolar-s-magehunter.png",,"Back-side","Tovolar's Magehunter T",43481
"Urabrask",4,"Legendary Creature - Phyrexian Praetor",R,"mom","169",mythic,r,Owned,Non-foil,false,,,"Normal","",110204
"Dire-Strain Anarchist",5,"Creature - Werewolf",R,"vow","181",mythic,r,Owned,Non-foil,false,"https://media.discordapp.net/attachments/954868150845993020/956603747478425660/vow-181-dire-strain-anarchist.png",,"Back-side","Dire-Strain Anarchist T",94706
"Fury",5,"Creature - Elemental Incarnation",R,"mh2","126",mythic,r,Owned,Non-foil,false,,,"Normal","",90629
"Storm Caller",5,"Creature",R,"m21","335",mythic,Red,Owned,Non-foil,false,"https://media.discordapp.net/attachments/1017887073727938691/1126094064203350088/StormcallerBrukan.webp.png",,"Other-Games","Stormcaller Bru'kan O",81189
"Etali, Primal Sickness",7,"Legendary Creature - Phyrexian Elder Dinosaur",R,"mom","137",rare,Red,Owned,Non-foil,false,"https://media.discordapp.net/attachments/1017887073727938691/1093627120028225636/mom-137-etali-primal-sickness.png",,"Back-side","",110122
"Jeska, Thrice Reborn",3,"Legendary Planeswalker - Jeska",R,"cmr","513",mythic,r,Owned,Non-foil,false,,,"Commander","",
"Daretti, Scrap Savant",4,"Legendary Planeswalker - Daretti",R,"c16","123",mythic,r,Owned,Non-foil,false,,,"Commander","",
"Lightning Bolt",1,"Instant",R,"sld","675",rare,r,Owned,Non-foil,false,,,"Normal","",
"Gut Shot",1,"Instant",R,"mm2","117",common,r,Owned,Non-foil,false,"https://media.discordapp.net/attachments/631289553415700492/631292305596219402/tp4rzk0wxvb31.png",,"Hellscube","Nut Shot H",57328
"Abrade",2,"Instant",R,"2xm","114",common,r,Owned,Non-foil,false,,,"Normal","",82262
"Whack",2,"Instant",R,"snc","99",uncommon,b,Owned,Non-foil,false,"https://media.discordapp.net/attachments/1017887073727938691/1037884072564891709/unknown.png",,"Brazil Cube","",98417
"Seething Song",3,"Instant",R,"9ed","216",common,r,Owned,Non-foil,false,,,"Normal","",22807
"Diabolical Salvation",6,"Instant",R,"ph17","1",mythic,r,Owned,Non-foil,false,"https://cards.scryfall.io/large/front/8/0/8007e300-d16c-4257-9a93-4c82750414fe.jpg",,"Heroes-of-the-Realm","",
"Faithless Looting",1,"Sorcery",R,"sta","38",rare,r,Owned,Non-foil,false,,,"Normal","",89133
"Gamble",1,"Sorcery",R,"sld","188",rare,r,Owned,Non-foil,false,,,"Normal","",89937
"Rite of Flame",1,"Sorcery",R,"ss3","7",rare,r,Owned,Non-foil,false,,,"Normal","",
"Precise Strike",1,"Sorcery",R,"aer","92",common,r,Owned,Non-foil,false,"https://media.discordapp.net/attachments/1017887073727938691/1126095429591912508/Strike.png",,"Other-Games","Strike O",62725
"Starstorm",2,"Sorcery",R,"c20","160",rare,r,Owned,Non-foil,false,"https://media.discordapp.net/attachments/1017887073727938691/1017889806296023040/Starburst.png",,"Alpha-Playtest","Starburst A",
"Galvanic Relay",3,"Sorcery",R,"mh2","127",common,r,Owned,Non-foil,false,,,"Normal","",90631
"Jeska's Will",3,"Sorcery",R,"clb","799",rare,r,Owned,Non-foil,false,,,"Normal","",
"Wheel of Fortune",3,"Sorcery",R,"30a","476",rare,r,Owned,Non-foil,false,,,"Normal","",
"Torrent Elemental",4,"Sorcery",R,"frf","56",mythic,Red,Owned,Non-foil,false,"https://media.discordapp.net/attachments/1017887073727938691/1130949835655237683/Torrent.webp.png",,"Other-Games","",55628
"Lava Axe",5,"Sorcery",R,"m10","145",common,r,Owned,Non-foil,false,"https://media.discordapp.net/attachments/1017887073727938691/1149973633150767124/LavaAxe.png",,"Commander;Playtest","",32697
"Opening Ceremony",6,"Sorcery",R,"unf","118",mythic,m,Owned,Non-foil,false,,,"Silver-bordered","",
"Gauntlet of Might",1,"Artifact",R,"2ed","245",rare,r,Owned,Non-foil,false,"https://media.discordapp.net/attachments/1017887073727938691/1074800954559442994/Gauntlet_of_Might.png",,"Alpha-Playtest","",
"Blazing Sunsteel",2,"Artifact - Equipment",R,"cmr","364",rare,r,Owned,Non-foil,false,"https://media.discordapp.net/attachments/1017887073727938691/1149970486827155496/cmr-364-blazing-sunsteel.png",,"Erratad","",85834
"The Flame of Keld",2,"Enchantment - Saga",R,"plist","129",uncommon,r,Owned,Non-foil,false,"https://media.discordapp.net/attachments/1017887073727938691/1017887287180267680/the-flame-of-keld.png",,"Erratad","The Flame of Keld RA",
"Underworld Breach",2,"Enchantment",R,"thb","161",rare,r,Owned,Non-foil,false,,,"Normal","",79446
"Fable of the Mirror-Breaker",3,"Enchantment - Saga",R,"neo","141",rare,r,Owned,Non-foil,false,"https://media.discordapp.net/attachments/1017887073727938691/1060611153375539280/fable-of-the-mirror-breaker.png",,"Erratad","",97210
"Koth of the Hammer Emblem",4,"Enchantment",R,"tddi","2",common,Red,Owned,Non-foil,false,"https://media.discordapp.net/attachments/1017887073727938691/1132324241472229396/tddi-2-koth-of-the-hammer-emblem.png",,"Emblem","",
"Sneak Attack",4,"Enchantment",R,"dmr","139",mythic,r,Owned,Non-foil,false,,,"Normal","",107767
"Maddening Hex",3,"Enchantment - Aura Curse",R,"afc","32",rare,r,Owned,Non-foil,false,,,"Normal","",92550
"Birds of Paradise",1,"Creature - Bird",G,"sld","1148",rare,g,Owned,Non-foil,false,,,"Normal","",
"Elvish Mystic",1,"Creature - Elf Druid",G,"tsr","360",special,g,Owned,Non-foil,false,,,"Normal","",87097
"Elvish Reclaimer",1,"Creature - Elf Warrior",G,"m20","169",rare,g,Owned,Non-foil,false,,,"Normal","",73237
"Fyndhorn Elves",1,"Creature - Elf Druid",G,"cmr","228",common,g,Owned,Non-foil,false,,,"Normal","",85238
"Ignoble Hierarch",1,"Creature - Goblin Shaman",G,"mh2","166",rare,m,Owned,Non-foil,false,,,"Normal","",90709
"Joraga Treespeaker",1,"Creature - Elf Druid",G,"roe","190",uncommon,g,Owned,Non-foil,false,,,"Normal","",36408
"Llanowar Elves",1,"Creature - Elf Druid",G,"m12","182",common,g,Owned,Non-foil,false,,,"Normal","",41605
"Nantuko Blightcutter",1,"Creature - Insect Druid Ooze",G,"tor","131",rare,g,Owned,Non-foil,false,"https://media.discordapp.net/attachments/1017887073727938691/1074800769804541962/Nantuko_Roadkill.png",,"Inquest","",17311
"Noble Hierarch",1,"Creature - Human Druid",G,"2xm","177",rare,m,Owned,Non-foil,false,,,"Normal","",82388
"Collector Ouphe",2,"Creature - Ouphe",G,"sld","1077",rare,g,Owned,Non-foil,false,,,"Normal","",
"Frenzied Trapbreaker",2,"Creature - Werewolf",G,"mid","190",uncommon,g,Owned,Non-foil,false,"https://media.discordapp.net/attachments/954868150845993020/956595959696085043/mid-190-frenzied-trapbreaker.png",,"Back-side","Frenzied Trapbreaker T",93370
"Ayula, Queen Among Bears",2,"Legendary Creature - Bear Spirit",G,"h1r","19",mythic,g,Owned,Non-foil,false,"https://media.discordapp.net/attachments/1017887073727938691/1038033886912991323/unknown.png",,"r/CustomMagic Bottom 5","",
"Howlpack Alpha",2,"Creature - Werewolf",G,"isd","193",rare,g,Owned,Non-foil,false,"https://media.discordapp.net/attachments/954868150845993020/1011382407955501137/howlpack-alpha.png",,"Back-side","Howlpack Alpha T",42822
"Manabond",2,"Creature - Elemental",G,"exo","113",rare,g,Owned,Non-foil,false,"https://cdn.discordapp.com/attachments/1017887073727938691/1038033290134822922/unknown.png",,"r/CustomMagic Bottom 5","",10525
"Ulvenwald Abomination",2,"Creature - Eldrazi Werewolf",G,"emn","175",common,g,Owned,Non-foil,false,"https://media.discordapp.net/attachments/1017887073727938691/1147613771439820820/emn-175-ulvenwald-abomination.png",,"Back-side","Ulvanwald Abomination T",61462
"Vigorous Charge",2,"Creature - Human Shaman",G,"inv","222",common,m,Owned,Non-foil,false,"https://cdn.discordapp.com/attachments/1017887073727938691/1038033349291282432/unknown.png",,"r/CustomMagic Bottom 5","",14559
"Zilortha, Apex of Ikoria",2,"Legendary Creature - Dinosaur",G,"mom","190",rare,g,Owned,Non-foil,false,"https://media.discordapp.net/attachments/1017887073727938691/1093611046830358648/mom-190-zilortha-apex-of-ikoria.png",,"Back-side","",110254
"Elvish Spirit Guide",3,"Creature - Elf Spirit",G,"all","89",uncommon,g,Owned,Non-foil,false,,,"Normal","",
"Endurance",3,"Creature - Elemental Incarnation",G,"mh2","157",mythic,g,Owned,Non-foil,false,,,"Normal","",90691
"Frenzy Sliver",3,"Creature - Beast",G,"h09","6",common,b,Owned,Non-foil,false,"https://media.discordapp.net/attachments/417026780898263040/955977800207175680/unknown.png",,"CooldownGuy","Frenzy Pack C",35283
"Leovold's Operative",3,"Creature - Elf Rogue",G,"cn2","66",common,g,Owned,Non-foil,false,,,"Paper Only;Draft-matters","",
"Polukranos, Engine of Ruin",3,"Legendary Creature - Phyrexian Hydra",G,"mom","200",rare,Green,Owned,Non-foil,false,"https://media.discordapp.net/attachments/1017887073727938691/1093614393327095838/mom-200-polukranos-engine-of-ruin.png",,"Back-side","",110284
"Titania, Gaea Incarnate",3,"Legendary Creature - Elemental Avatar",G,"bro","256b",mythic,g,Owned,Non-foil,false,"https://media.discordapp.net/attachments/1017887073727938691/1037883421176905798/titania-gaea-incarnate.png",,"Back-side","",
"Varis, Silverymoon Ranger",3,"Legendary Creature - Human Elf Ranger",G,"afr","209",rare,g,Owned,Non-foil,false,"https://media.discordapp.net/attachments/1017887073727938691/1060614474836496495/afr-209-varis-silverymoon-ranger.png",,"Erratad","",91920
"Heir of the Wilds",3,"Legendary Creature",G,"ktk","134",mythic,g,Owned,Non-foil,false,"https://media.discordapp.net/attachments/1017887073727938691/1132324261617483877/Zukara.png",,"Other-Games","",54118
"Iwamori of the Open Fist",4,"Legendary Creature - Human Monk",G,"bok","130",rare,g,Owned,Non-foil,false,"https://media.discordapp.net/attachments/1017887073727938691/1132324338754928740/bok-130-iwamori-of-the-open-fist.png",,"Erratad","",21759
"Myntasha, Honored One",4,"Legendary Snow Creature - Elk",G,"ph19","5",mythic,g,Owned,Non-foil,false,,,"Heroes-of-the-Realm","",
"Ulvenwald Behemoth",4,"Creature - Beast Horror",G,"vow","225",rare,g,Owned,Non-foil,false,"https://media.discordapp.net/attachments/954868150845993020/956596544335904838/vow-225-ulvenwald-behemoth.png",,"Back-side","Ulvanwalk Behemoth T",94812
"Undermountain Adventurer",4,"Creature - Giant Warrior",G,"clb","260",rare,g,Owned,Non-foil,false,,,"Normal","",100558
"Vengevine",4,"Creature - Elemental",G,"uma","189",mythic,g,Owned,Non-foil,false,"https://media.discordapp.net/attachments/1017887073727938691/1132324349408456774/2xm-185-vengevine.png",,"Erratad","",70033
"Animus of Predation",5,"Creature - Avatar",G,"cn2","60",uncommon,g,Owned,Non-foil,false,"https://media.discordapp.net/attachments/954868150845993020/1011069018465107998/unknown.png",,"Erratad","Animus of Predation E",
"Growth Charm",5,"Creature - Elemental Incarnation",G,"cmb1","77",mythic,g,Owned,Non-foil,false,"https://media.discordapp.net/attachments/1017887073727938691/1038034478729269298/unknown.png",,"r/CustomMagic Bottom 5","",
"Hollowhenge Huntmaster",6,"Creature - Werewolf",G,"vow","187",mythic,g,Owned,Non-foil,false,"https://media.discordapp.net/attachments/954868150845993020/956596849437974569/vow-187-hollowhenge-huntmaster.png",,"Back-side","Hollowhenge Huntmaster T",94724
"Kogla, the Titan Ape",6,"Legendary Creature - Ape",G,"iko","162",rare,g,Owned,Non-foil,false,,,"Normal","",80333
"Freyalise, Llanowar's Fury",5,"Legendary Planeswalker - Freyalise",G,"plist","326",mythic,g,Owned,Non-foil,false,,,"Commander","",
"Nissa, Ascended Animist",7,"Legendary Planeswalker - Nissa",G,"one","175",mythic,g,Owned,Non-foil,false,"https://media.discordapp.net/attachments/1017887073727938691/1074806602789564547/Nissa.png",,"Erratad","",106565
"Crop Rotation",1,"Instant",G,"2xm","349",rare,g,Owned,Non-foil,false,,,"Normal","",
"Goblin Lore",1,"Instant",G,"10e","208",uncommon,r,Owned,Non-foil,false,"https://media.discordapp.net/attachments/1017887073727938691/1074800954257444975/Earth_Lore.png",,"Alpha-Playtest","",27230
"Nature's Claim",1,"Instant",G,"ema","178",common,g,Owned,Non-foil,false,,,"Normal","",60843
"Veil of Summer",1,"Instant",G,"plist","436",uncommon,g,Owned,Non-foil,false,,,"Normal","",
"Worldly Tutor",1,"Instant",G,"6ed","269",uncommon,g,Owned,Non-foil,false,,,"Normal","",
"Display of Dominance",2,"Instant",G,"dtk","182",uncommon,g,Owned,Non-foil,false,"https://media.discordapp.net/attachments/1017887073727938691/1132324389166264451/dtk-182-display-of-dominance.png",,"Erratad","",56220
"Once Upon a Time",2,"Instant",G,"eld","169",rare,g,Owned,Non-foil,false,,,"Normal","",78478
"Force of Vigor",4,"Instant",G,"mh1","164",rare,g,Owned,Non-foil,false,,,"Normal","",72700
"Green Sun's Zenith",1,"Sorcery",G,"ema","169",rare,g,Owned,Non-foil,false,,,"Normal","",60681
"Banquet Guests",2,"Sorcery - Song",G,"ltc","47",rare,Green,Owned,Non-foil,false,"https://media.discordapp.net/attachments/1017887073727938691/1149986462960463913/BeOurGuest.png",,"Other-Games","",113126
"Channel",2,"Sorcery",G,"ima","157",mythic,g,Owned,Non-foil,false,,,"Normal","",66193
"Chatterstorm",2,"Sorcery",G,"mh2","411",common,g,Owned,Non-foil,false,"https://media.discordapp.net/attachments/1017887073727938691/1123629282103664660/image.png",,"Playtest","",91095
"Finale of Devastation",2,"Sorcery",G,"war","160",mythic,g,Owned,Non-foil,false,,,"Normal","",71926
"Rampant Growth",2,"Sorcery",G,"8ed","274",common,g,Owned,Non-foil,false,"https://media.discordapp.net/attachments/1017887073727938691/1149973656164900924/RampantGrowth.png",,"Playtest;Commander","",19001
"Regrowth",2,"Sorcery",G,"sta","56",rare,g,Owned,Non-foil,false,,,"Normal","",89169
"Natural Order",4,"Sorcery",G,"vis","114",rare,g,Owned,Non-foil,false,,,"Normal","",7647
"Splendid Reclamation",4,"Sorcery",G,"emn","171",rare,g,Owned,Non-foil,false,"https://media.discordapp.net/attachments/1017887073727938691/1132324371306917999/vow-221-splendid-reclamation.png",,"Erratad","",61442
"Birthing Pod",4,"Artifact",G,"nph","104",rare,g,Owned,Non-foil,false,,,"Normal","",39796
"Fastbond",1,"Enchantment",G,"cei","193",rare,g,Owned,Non-foil,false,,,"Normal","",
"Foresight",1,"Enchantment",G,"all","29a",uncommon,u,Owned,Non-foil,false,"https://media.discordapp.net/attachments/1017887073727938691/1126096935997165609/Foresight.png",,"Other-Games","Foresight O",
"Survival of the Fittest",2,"Enchantment",G,"exo","129",rare,g,Owned,Non-foil,false,,,"Normal","",10709
"Sylvan Library",2,"Enchantment",G,"ema","187",rare,g,Owned,Non-foil,false,,,"Normal","",60785
"The Grand Evolution",5,"Enchantment - Saga",G,"mom","213",mythic,g,Owned,Non-foil,false,"https://media.discordapp.net/attachments/1017887073727938691/1093597756540592158/mom-213-the-grand-evolution.png",,"Back-side","",110312
"Lavinia, Azorius Renegade",2,"Legendary Creature - Human Soldier",WU,"rna","189",rare,m,Owned,Non-foil,false,,,"Normal","",71378
"The Grand Calcutron",2,"Legendary Artifact",WU,"ust","131",mythic,m,Owned,Non-foil,false,"https://media.discordapp.net/attachments/954868150845993020/1011070738511437855/the-grand-calcutron.png",,"Silver-bordered;Commander","The Grand Calcutron E",
"Teferi, Time Raveler",3,"Legendary Planeswalker - Teferi",WU,"war","221",rare,m,Owned,Non-foil,false,,,"Normal","",72048
"All Shall Smolder in My Wake",4,"Instant",WU,"oarc","2★",common,c,Owned,Non-foil,false,"https://media.discordapp.net/attachments/1017887073727938691/1093593319931658381/All.png",,"Hellscube;Oddly-Sized","All // Nought H",
"Shorikai, Genesis Engine",4,"Legendary Artifact - Vehicle",WU,"nec","4",mythic,m,Owned,Non-foil,false,,,"Commander","",
"Fractured Identity",5,"Sorcery",WU,"sld","272",rare,m,Owned,Non-foil,false,,,"Normal","",89915
"Welding Sparks",2,"Sorcery",UB,"cmr","210",rare,r,Owned,Non-foil,false,"https://media.discordapp.net/attachments/1017887073727938691/1017900123071725570/unknown.png",,"Roborosewater","Spark into Trap R",85202
"Dreamshackle Geist",3,"Creature - Human Wizard",UB,"vow","58",rare,u,Owned,Non-foil,false,"https://media.discordapp.net/attachments/417026780898263040/955977751100260372/unknown.png",,"CooldownGuy","Archmage of Dreams C",94420
"Kaito Shizuki Emblem",3,"Enchantment",UB,"tneo","18",common,Gold,Owned,Non-foil,false,"https://media.discordapp.net/attachments/1017887073727938691/1132324254977892464/tneo-18-kaito-shizuki-emblem.png",,"Emblem","",
"Shadowheart, Cleric of Trickery",3,"Legendary Creature - Human Elf Cleric",UB,"hbg","10u",rare,m,Owned,Non-foil,false,,,"Alchemy","",
"Notion Thief",4,"Creature - Human Rogue",BU,"dgm","88",rare,m,Owned,Non-foil,false,,,"Normal","",48332
"Force of Will",2,"Sorcery",BR,"dmr","418",mythic,Gold,Owned,Non-foil,false,"https://media.discordapp.net/attachments/1017887073727938691/1141034473618673754/TheEnd.png",,"Other-Games","",108065
"Crucias, Titan of the Waves",3,"Legendary Creature - Human Pirate",BR,"ybro","18",mythic,m,Owned,Non-foil,false,"https://media.discordapp.net/attachments/1017887073727938691/1130962371771383918/ybro-18-crucias-titan-of-the-waves.png",,"Alchemy","",
"Mishra, Lost to Phyrexia",7,"Legendary Artifact Creature - Phyrexian Artificer",BR,"bro","163b",mythic,m,Owned,Non-foil,false,"https://media.discordapp.net/attachments/1017887073727938691/1037883420497428480/mishra-lost-to-phyrexia.png",,"Back-side","",
"Ancient Grudge",2,"Instant",RG,"mm3","88",uncommon,m,Owned,Non-foil,false,,,"Normal","",63285
"Bird",2,"Token Creature - Bird",RG,"trtr","1",common,w,Owned,Non-foil,false,"https://media.discordapp.net/attachments/631289553415700492/659014572505825280/57vjpd8izrr31.png",,"Hellscube;Oddly-Sized","Bolt // Bird H",
"Wrenn and Six Emblem",2,"Enchantment",RG,"t2x2","24",common,Gold,Owned,Non-foil,false,"https://media.discordapp.net/attachments/1017887073727938691/1123652325161058414/t2x2-24-wrenn-and-six-emblem.png",,"Emblem","",
"Jarsyl, Dark Age Scion",3,"Legendary Creature - Human Wizard",RG,"ybro","20",mythic,m,Owned,Non-foil,false,"https://media.discordapp.net/attachments/1017887073727938691/1147615733849796708/ybro-20-jarsyl-dark-age-scion.png",,"Alchemy","",
"Anhelo, the Painter",4,"Legendary Creature - Eldrazi",RG,"ncc","1",mythic,m,Owned,Non-foil,false,"https://media.discordapp.net/attachments/1017887073727938691/1038033215371358248/unknown.png",,"r/CustomMagic Bottom 5","",
"Minsc & Boo, Timeless Heroes",4,"Legendary Planeswalker - Minsc",RG,"clb","285",mythic,m,Owned,Non-foil,false,"https://media.discordapp.net/attachments/1017887073727938691/1132325774674890762/hbg-A-243-a-minsc-boo-timeless-heroes.png",,"Alchemy","",100608
"Knight of the Reliquary",3,"Creature - Human Knight",GW,"ima","203",rare,m,Owned,Non-foil,false,,,"Normal","",66285
"Kharis & The Beholder",5,"Legendary Creature - Dragon Eye Wizard",WG,"ph18","1",mythic,m,Owned,Non-foil,false,"https://cards.scryfall.io/large/front/8/d/8dd4d771-366c-4d81-875d-7ba9f1f00320.jpg",,"Heroes-of-the-Realm","",
"Contemplation",1,"Instant",WB,"sth","4",rare,Gold,Owned,Non-foil,false,"https://media.discordapp.net/attachments/1017887073727938691/1123633503930695690/jT357Ic.png",,"r/CustomMagic Bottom 5","",10211
"Damn",2,"Sorcery",WB,"mh2","80",rare,m,Owned,Non-foil,false,,,"Normal","",90533
"Lurrus of the Dream-Den",3,"Legendary Creature - Cat Nightmare",WB,"iko","226",rare,m,Owned,Non-foil,false,,,"Companion","",80461
"Expressive Iteration",2,"Sorcery",RU,"stx","186",uncommon,m,Owned,Non-foil,false,,,"Normal","",88879
"Lord Magnus",2,"Legendary Creature - Efreet",UR,"leg","243",uncommon,m,Owned,Non-foil,false,"https://media.discordapp.net/attachments/1017887073727938691/1038034222927073340/unknown.png",,"r/CustomMagic Bottom 5","",
"Dack Fayden",3,"Legendary Planeswalker - Dack",UR,"cns","42",mythic,m,Owned,Non-foil,false,,,"Normal","",
"Huatli, Radiant Champion",3,"Legendary Planeswalker - Hroti",UR,"rix","159",mythic,m,Owned,Non-foil,false,"https://media.discordapp.net/attachments/1017887073727938691/1038033325190828125/unknown.png",,"r/CustomMagic Bottom 5","",66773
"Lutri, the Spellchaser",3,"Legendary Creature - Elemental Otter",UR,"iko","227",rare,m,Owned,Non-foil,false,,,"Companion","",80463
"Saheeli, the Gifted",4,"Legendary Planeswalker - Saheeli",UR,"oc18","44",mythic,m,Owned,Non-foil,false,,,"Commander","",
"Inzerva, Master of Insights",5,"Legendary Planeswalker - Inzerva",UR,"ph17","2",mythic,m,Owned,Non-foil,false,"https://cards.scryfall.io/large/front/b/4/b47e59bb-8d47-46a7-8ce5-b2060b4e3c19.jpg",,"Heroes-of-the-Realm","",
"Deathrite Shaman",1,"Creature - Elf Shaman",BG,"rtr","213",rare,m,Owned,Non-foil,false,,,"Normal","",46777
"Abrupt Decay",2,"Instant",BG,"gk1","57",rare,m,Owned,Non-foil,false,,,"Normal","",
"Assassin's Trophy",2,"Instant",BG,"sld","139",rare,m,Owned,Non-foil,false,,,"Normal","",
"Fiend Artisan",2,"Creature - Nightmare",BG,"iko","220",mythic,m,Owned,Non-foil,false,,,"Normal","",80449
"Scarwood Hag",2,"Creature - Beast Wraith",BG,"drk","86",uncommon,g,Owned,Non-foil,false,"https://media.discordapp.net/attachments/1017887073727938691/1038033584075849779/unknown.png",,"r/CustomMagic Bottom 5","",
"Grist, the Hunger Tide",3,"Legendary Planeswalker - Grist",BG,"mh2","202",mythic,m,Owned,Non-foil,false,,,"Normal","",90781
"Life // Death",3,"Sorcery",BG,"ddj","77",uncommon,m,Owned,Non-foil,false,,,"Normal","",46099
"Vigilant Martyr",3,"Legendary Planeswalker - Vigilant",BG,"mir","45",mythic,w,Owned,Non-foil,false,"https://media.discordapp.net/attachments/1017887073727938691/1038033630527762492/unknown.png",,"r/CustomMagic Bottom 5","",7411
"Forth Eorlingas!",2,"Sorcery",WR,"ltc","56",rare,m,Owned,Non-foil,false,,,"Normal","",113144
"Nahiri, the Unforgiving",4,"Legendary Planeswalker - Nahiri",WR,"one","211",mythic,m,Owned,Non-foil,false,"https://media.discordapp.net/attachments/1017887073727938691/1074806602273652846/Nahiri.png",,"Erratad","",106637
"Enchanted Being",1,"Enchantment Creature - Weird",UG,"leg","12",rare,w,Owned,Non-foil,false,"https://cdn.discordapp.com/attachments/1017887073727938691/1038033489032908851/unknown.png",,"r/CustomMagic Bottom 5","",
"Imoen, Wise Trickster",3,"Legendary Creature - Human Rogue Wizard",UG,"hbg","7g",rare,m,Owned,Non-foil,false,,,"Alchemy","",
"Oko, Thief of Crowns",3,"Legendary Planeswalker - Oko",GU,"eld","197",mythic,m,Owned,Non-foil,false,,,"Normal","",78538
"Uro, Titan of Nature's Wrath",3,"Legendary Creature - Elder Giant",UG,"sld","222",mythic,m,Owned,Non-foil,false,,,"Normal","",87221
"Murkfiend Liege",4,"Creature - Treefolk Horror",UG,"2x2","259",mythic,m,Owned,Non-foil,false,"https://media.discordapp.net/attachments/1017887073727938691/1038033708646666260/unknown.png",,"r/CustomMagic Bottom 5","",102002
"Intellect Devourer",3,"Instant",WUB,"clb","132",rare,Gold,Owned,Non-foil,false,"https://media.discordapp.net/attachments/1017887073727938691/1132324890263965838/s3s5wflpv5zy.png",,"CooldownGuy","",
"Seek Bolas's Counsel",3,"Sorcery",UBR,"cmb1","98",rare,m,Owned,Non-foil,false,"https://media.discordapp.net/attachments/1017887073727938691/1132324973059526736/cmb2-98-seek-bolas-s-counsel.png",,"Erratad;Playtest","",
"Nicol Bolas, the Arisen",4,"Legendary Planeswalker - Bolas",UBR,"m19","218",mythic,m,Owned,Non-foil,false,"https://media.discordapp.net/attachments/954868150845993020/956597437240315924/m19-218-nicol-bolas-the-arisen.png",,"Back-side","Nicol Bolas, the Arisen T",68597
"Tall as a Beanstalk",3,"Legendary Creature - Giraffe Golem",WUR,"eld","178",common,g,Owned,Non-foil,false,"https://media.discordapp.net/attachments/1017887073727938691/1130949462781607946/talls.png",,"r/CustomMagic Bottom 5","",78498
"The Legend of Arena",4,"Legendary Enchantment - Saga",WUR,"ph18","4",mythic,m,Owned,Non-foil,false,"https://cards.scryfall.io/large/front/9/a/9acbbb54-f08d-4926-acdb-db376d4b46cd.jpg",,"Commander;Heroes-of-the-Realm","",
"Leovold, Emissary of Trest",3,"Legendary Creature - Elf Advisor",BGU,"cn2","77",mythic,m,Owned,Non-foil,false,,,"Normal","",
"Atraxa, Grand Unifier",7,"Legendary Creature - Phyrexian Angel",WUBG,"one","196",mythic,m,Owned,Non-foil,false,,,"Normal","",106607
"Ersta, Friend to All",5,"Legendary Planeswalker - Ersta",WUBRG,"ph21","4",mythic,m,Owned,Non-foil,false,"https://cards.scryfall.io/large/front/9/a/9aeb09d6-17f3-4230-9112-eac98bce269d.jpg",,"Heroes-of-the-Realm;Commander","",
"Quick Sliver",1,"Creature",,"lgn","136",common,Colorless,Owned,Non-foil,false,"https://media.discordapp.net/attachments/1017887073727938691/1060611222640279613/Quicksilver.png",,"Other-Games","",18395
"Agent of Acquisitions",2,"Artifact Creature - Construct",,"cns","54",uncommon,c,Owned,Non-foil,false,,,"Paper Only;Draft-matters","",
"Phyrexian Revoker",2,"Artifact Creature - Phyrexian Horror",,"2xm","282",rare,c,Owned,Non-foil,false,,,"Normal","",82598
"Crystalline Giant",3,"Artifact Creature - Giant",,"iko","234",rare,c,Owned,Non-foil,false,"https://media.discordapp.net/attachments/1017887073727938691/1132324415825268736/ncc-364-crystalline-giant.png",,"Erratad","",80477
"Rock Lobster",3,"Creature - Lobster",,"ugl","79",mythic,c,Owned,Non-foil,false,"https://media.discordapp.net/attachments/1017887073727938691/1017890266415374437/Kewne_Radial.jpg",,"Roborosewater","Kewne Radial R",
"Canal Dredger",4,"Artifact Creature - Construct",,"cns","55",rare,c,Owned,Non-foil,false,,,"Draft-matters","",
"Cogwork Librarian",4,"Artifact Creature - Construct",,"cns","58",common,c,Owned,Non-foil,false,,,"Paper Only;Draft-matters","",
"Lodestone Golem",4,"Artifact Creature - Golem",,"mm2","219",rare,c,Owned,Non-foil,false,,,"Normal","",57168
"Wurmcoil Engine",6,"Artifact Creature - Phyrexian Wurm",,"som","223",mythic,c,Owned,Non-foil,false,,,"Normal","",38185
"Blightsteel Colossus",12,"Artifact Creature - Phyrexian Golem",,"sld","1079",mythic,c,Owned,Non-foil,false,,,"Normal","",
"Emrakul, the Aeons Torn",15,"Legendary Creature - Eldrazi",,"uma","4",mythic,c,Owned,Non-foil,false,,,"Normal","",70081
"Emrakul, the Promised End",13,"Legendary Creature - Eldrazi",,"emn","6",mythic,c,Owned,Non-foil,false,,,"Normal","",61068
"Angelic Rocket",8,"Artifact Creature - Angel",,"ust","139",rare,c,Owned,Non-foil,false,"https://media.discordapp.net/attachments/954868150845993020/1010971210445770762/robo-angelic-rocket.png",,"Host-Augment-Pair;Oddly-Sized","Robo-Rocket HA",
"Ulamog, the Ceaseless Hunger",10,"Legendary Creature - Eldrazi",,"bfz","15",mythic,c,Owned,Non-foil,false,,,"Normal","",58301
"Karn, the Great Creator",4,"Legendary Planeswalker - Karn",,"war","1",rare,c,Owned,Non-foil,false,,,"Normal","",71608
"Divination",0,"Sorcery",,"m12","50",common,Colorless,Owned,Non-foil,false,"https://media.discordapp.net/attachments/1017887073727938691/1141030332372627467/Pot_of_Greed.png",,"Other-Games","Pot of Greed O",41201
"Doublecast",null,"Sorcery",,"jmp","307",mythic,Colorless,Owned,Non-foil,false,"https://media.discordapp.net/attachments/1017887073727938691/1132346626283929620/ShadowOfDemise.png",,"Other-Games","",
"Prince of Thralls",5,"Sorcery",,"ala","182",rare,Colorless,Owned,Non-foil,false,"https://media.discordapp.net/attachments/1017887073727938691/1037887514880524408/prince.jpg",,"Other-Games","",31177
"Black Lotus",0,"Artifact",,"ced","233",rare,c,Owned,Non-foil,false,,,"Normal","",
"Chalice of the Void",0,"Artifact",,"mrd","150",rare,c,Owned,Non-foil,false,,,"Normal","",19995
"Chrome Mox",0,"Artifact",,"mrd","152",rare,c,Owned,Non-foil,false,,,"Normal","",19831
"Fade from History",0,"Artifact",,"bro","177",uncommon,Colorless,Owned,Non-foil,false,"https://media.discordapp.net/attachments/1017887073727938691/1037884256359292978/unknown.png",,"Astral-Choas","",104972
"Gleemox",0,"Artifact",,"prm","26584",rare,c,Owned,Non-foil,false,,,"MTGO-Promo","",26584
"Jack-in-the-Mox",0,"Artifact",,"ugl","75",rare,Colorless,Owned,Non-foil,false,,,"Silver-bordered","",
"Lion's Eye Diamond",0,"Artifact",,"mir","307",rare,c,Owned,Non-foil,false,,,"Normal","",7103
"Lotus Petal",0,"Artifact",,"tmp","294",common,c,Owned,Non-foil,false,,,"Normal","",9475
"Mana Crypt",0,"Artifact",,"ema","225",mythic,c,Owned,Non-foil,false,,,"Normal","",60697
"Mirrored Lotus",0,"Artifact",,"cmb1","107",rare,c,Owned,Non-foil,false,,,"Playtest","",
"Mishra's Bauble",0,"Artifact",,"2xm","274",uncommon,c,Owned,Non-foil,false,,,"Normal","",82582
"Mox Diamond",0,"Artifact",,"sth","138",rare,c,Owned,Non-foil,false,,,"Normal","",10325
"Mox Emerald",0,"Artifact",,"ced","262",rare,Colorless,Owned,Non-foil,false,,,"Normal","",
"Mox Jet",0,"Artifact",,"leb","263",rare,Colorless,Owned,Non-foil,false,,,"Normal","",
"Mox Opal",0,"Legendary Artifact",,"2xm","362",mythic,c,Owned,Non-foil,false,,,"Normal","",
"Mox Pearl",0,"Artifact",,"leb","264",rare,Colorless,Owned,Non-foil,false,,,"Normal","",
"Mox Ruby",0,"Artifact",,"2ed","265",rare,Colorless,Owned,Non-foil,false,,,"Normal","",
"Mox Sapphire",0,"Artifact",,"leb","266",rare,Colorless,Owned,Non-foil,false,,,"Normal","",
"Urza's Bauble",0,"Artifact",,"ice","343",uncommon,c,Owned,Non-foil,false,,,"Normal","",
"Urza's Contact Lenses",0,"Artifact",,"ugl","82",uncommon,c,Owned,Non-foil,false,,,"Silver-bordered","",
"Mana Screw",1,"Artifact",,"unh","123",uncommon,c,Owned,Non-foil,false,,,"Silver-bordered","",
"Mana Vault",1,"Artifact",,"5ed","388",rare,c,Owned,Non-foil,false,,,"Normal","",
"Manifold Key",1,"Artifact",,"m20","230",uncommon,c,Owned,Non-foil,false,,,"Normal","",73359
"Millstone",1,"Artifact",,"atq","56",mythic,c,Owned,Non-foil,false,"https://media.discordapp.net/attachments/1017887073727938691/1017900241560809542/unknown.png",,"Astral-Choas","Moonstone A",
"Sensei's Divining Top",1,"Artifact",,"chk","268",uncommon,c,Owned,Non-foil,false,,,"Normal","",21045
"Sol Ring",1,"Artifact",,"ltc","408",mythic,c,Owned,Non-foil,false,,,"Normal","",113241
"Voltaic Key",1,"Artifact",,"m11","219",uncommon,c,Owned,Non-foil,false,,,"Normal","",37308
"Grim Monolith",2,"Artifact",,"ulg","126",rare,c,Owned,Non-foil,false,,,"Normal","",12551
"Mechtitan Core",2,"Artifact",,"neo","249",rare,c,Owned,Non-foil,false,"https://media.discordapp.net/attachments/1017887073727938691/1038033380509491260/unknown.png",,"r/CustomMagic Bottom 5","",97448
"Null Rod",2,"Artifact",,"wth","154",rare,c,Owned,Non-foil,false,,,"Normal","",9259
"Scroll of Griselbrand",2,"Artifact",,"avr","221",common,c,Owned,Non-foil,false,"https://media.discordapp.net/attachments/1017887073727938691/1017900214843101224/unknown.png",,"Astral-Choas","Scroll of Papyrus A",44103
"Sphere of Resistance",2,"Artifact",,"exo","139",rare,c,Owned,Non-foil,false,,,"Normal","",10629
"Thorn of Amethyst",2,"Artifact",,"lrw","262",rare,c,Owned,Non-foil,false,,,"Normal","",28433
"Time Vault",2,"Artifact",,"leb","275",rare,c,Owned,Non-foil,false,,,"Normal","",
"Winter Orb",2,"Artifact",,"5ed","408",rare,c,Owned,Non-foil,false,,,"Normal","",
"Basalt Monolith",3,"Artifact",,"2xm","232",uncommon,c,Owned,Non-foil,false,,,"Normal","",82498
"Chalice of Death",3,"Artifact",,"dka","146",uncommon,c,Owned,Non-foil,false,"https://media.discordapp.net/attachments/954868150845993020/956598379469754438/dka-146-chalice-of-death.png",,"Back-side","Chalice of Death T",43183
"Ensnaring Bridge",3,"Artifact",,"ltc","380",mythic,c,Owned,Non-foil,false,,,"Normal","",
"Lightning Coils",3,"Artifact",,"mrd","198",mythic,c,Owned,Non-foil,false,"https://media.discordapp.net/attachments/1017887073727938691/1123634452753563758/pEuWMmY-AX4qei7TnEu13eild50YLpaJohiLZjqNMFc.png",,"Making Magic","",20027
"Hat Trick",3,"Artifact",,"unf","299",common,Colorless,Owned,Non-foil,false,"https://media.discordapp.net/attachments/1017887073727938691/1123632635705569461/merlins_hat_1.png",,"Other-Games","",
"Palantír of Orthanc",3,"Legendary Artifact",,"ltr","247",mythic,c,Owned,Non-foil,false,,,"Normal","",112404
"Static Orb",3,"Artifact",,"tmp","310",rare,c,Owned,Non-foil,false,,,"Normal","",9745
"Trinisphere",3,"Artifact",,"2xm","303",mythic,c,Owned,Non-foil,false,,,"Normal","",82640
"Elemental Masterpiece",4,"Legendary Artifact",,"stx","182",common,Colorless,Owned,Non-foil,false,"https://media.discordapp.net/attachments/1017887073727938691/1038033256421019678/unknown.png",,"r/CustomMagic Bottom 5;CooldownGuy","",88871
"Sarevok's Tome",4,"Artifact",,"clb","685",rare,c,Owned,Non-foil,false,,,"Normal","",101468
"The One Ring",4,"Legendary Artifact",,"ltr","0",mythic,c,Owned,Non-foil,false,,,"Normal","",
"Memory Jar",5,"Artifact",,"v10","8",mythic,c,Owned,Non-foil,false,,,"Normal","",37629
"God-Pharaoh's Statue",6,"Legendary Artifact",,"war","238",uncommon,c,Owned,Non-foil,false,,,"Normal","",72082
"Mox Lotus",15,"Artifact",,"unh","124",rare,c,Owned,Non-foil,false,,,"Silver-bordered","",
"Basilisk Collar",1,"Artifact - Equipment",,"afc","199",rare,c,Owned,Non-foil,false,"https://media.discordapp.net/attachments/1017887073727938691/1123633294198710332/clb-300-basilisk-collar.png",,"Erratad","",
"Skullclamp",1,"Artifact - Equipment",,"c14","268",uncommon,c,Owned,Non-foil,false,,,"Normal","",55225
"Glamdring",2,"Legendary Artifact - Equipment",,"ltr","239",mythic,c,Owned,Non-foil,false,"https://media.discordapp.net/attachments/1017887073727938691/1123634087333199933/ltr-239-glamdring.png",,"Erratad","",112388
"Umezawa's Jitte",2,"Legendary Artifact - Equipment",,"bok","163",rare,c,Owned,Non-foil,false,,,"Normal","",21603
"Nettlecyst",3,"Artifact - Equipment",,"mh2","231",rare,c,Owned,Non-foil,false,,,"Normal","",90843
"Sword of Body and Mind",3,"Artifact - Equipment",,"som","208",mythic,c,Owned,Non-foil,false,"https://media.discordapp.net/attachments/1017887073727938691/1074800953347281037/2xm-295-sword-of-body-and-mind.png",,"Erratad","",38279
"Sword of Feast and Famine",3,"Artifact - Equipment",,"plist","1011",mythic,c,Owned,Non-foil,false,"https://media.discordapp.net/attachments/1017887073727938691/1074800526090326046/2xm-296-sword-of-feast-and-famine.png",,"Erratad","",
"Sword of Fire and Ice",3,"Artifact - Equipment",,"2xm","297",mythic,c,Owned,Non-foil,false,"https://media.discordapp.net/attachments/1017887073727938691/1074800526639775865/2xm-297-sword-of-fire-and-ice.png",,"Erratad","",82628
"Sword of Forge and Frontier",3,"Artifact - Equipment",,"one","244",mythic,c,Owned,Non-foil,false,"https://media.discordapp.net/attachments/1017887073727938691/1074800527914836079/one-244-sword-of-forge-and-frontier.png",,"Erratad","",106703
"Sword of Hearth and Home",3,"Artifact - Equipment",,"mh2","433",mythic,c,Owned,Non-foil,false,"https://media.discordapp.net/attachments/1017887073727938691/1074800527319257088/mh2-238-sword-of-hearth-and-home.png",,"Erratad","",91139
"Sword of Light and Shadow",3,"Artifact - Equipment",,"dst","149",rare,c,Owned,Non-foil,false,"https://media.discordapp.net/attachments/1017887073727938691/1074800526971117740/2xm-298-sword-of-light-and-shadow.png",,"Erratad","",20539
"Sword of War and Peace",3,"Artifact - Equipment",,"2xm","300",mythic,c,Owned,Non-foil,false,"https://media.discordapp.net/attachments/1017887073727938691/1074800525029167134/2xm-300-sword-of-war-and-peace.png",,"Erratad","",82634
"Batterskull",5,"Artifact - Equipment",,"2xm","234",mythic,c,Owned,Non-foil,false,,,"Normal","",82502
"Kaldra Compleat",7,"Legendary Artifact - Equipment",,"mh2","227",mythic,c,Owned,Non-foil,false,,,"Normal","",90835
"Brago's Favor",0,"Conspiracy",,"cns","3",common,c,Owned,Non-foil,false,,,"Conspiracy","",
"Iterative Analysis",0,"Conspiracy",,"cns","6",uncommon,c,Owned,Non-foil,false,,,"Conspiracy","",
"Secrets of Paradise",0,"Conspiracy",,"cns","10",common,c,Owned,Non-foil,false,,,"Conspiracy","",
"Sentinel Dispatch",0,"Conspiracy",,"cns","11",common,c,Owned,Non-foil,false,,,"Conspiracy","",
"Conspiracy Theorist",0,"Conspiracy",,"stx","94",rare,Colorless,Owned,Non-foil,false,"https://media.discordapp.net/attachments/631289553415700492/655181854479220746/7ifn5uni0g141.png",,"Conspiracy;Hellscube","Theory H",88665
"Worldknit",0,"Conspiracy",,"cns","13",rare,c,Owned,Non-foil,false,,,"Conspiracy","",
"Axe of the Warmonger",0,"Hero",,"thp3","7d",common,c,Owned,Non-foil,false,,,"Hero","",
"Bow of the Hunter",0,"Hero",,"thp3","7e",common,c,Owned,Non-foil,false,,,"Hero","",
"Lash of the Tyrant",0,"Hero",,"thp3","7c",common,c,Owned,Non-foil,false,,,"Hero","",
"The Avenger",0,"Hero",,"thp1","1c",common,c,Owned,Non-foil,false,,,"Hero","",
"Ashling the Pilgrim Avatar",0,"Vanguard",,"pmoa","73",rare,c,Owned,Non-foil,false,,,"Vanguard","",28161
"Bosh, Iron Golem Avatar",0,"Vanguard",,"pmoa","39",rare,c,Owned,Non-foil,false,,,"Vanguard","",24
"Gix",0,"Vanguard",,"pvan","402",rare,c,Owned,Non-foil,false,,,"Vanguard","",
"Grinning Demon Avatar",0,"Vanguard",,"pmoa","30",rare,c,Owned,Non-foil,false,,,"Vanguard","",33437
"Karn",0,"Vanguard",,"pvan","103",rare,c,Owned,Non-foil,false,,,"Vanguard","",
"Momir Vig, Simic Visionary Avatar",0,"Vanguard",,"pmoa","61a",rare,c,Owned,Non-foil,false,,,"Vanguard","",37826
"Rofellos",0,"Vanguard",,"pvan","305",rare,c,Owned,Non-foil,false,,,"Vanguard","",
"Urza's Saga",0,"Enchantment Land - Urza’s Saga",,"mh2","259",rare,l,Owned,Non-foil,false,,,"Normal","",90899
"Tundra",0,"Land",WU,"2ed","285",rare,l,Owned,Non-foil,false,"https://media.discordapp.net/attachments/1017887073727938691/1074802550953480272/image.png",,"Unglued-2","",
"Flooded Strand",0,"Land",WU,"ktk","233",rare,l,Owned,Non-foil,false,,,"Normal","",54194
"Hallowed Fountain",0,"Land - Plains Island",WU,"unf","277",rare,l,Owned,Non-foil,false,,,"Normal","",115512
"Tundra",0,"Land - Plains Island",WU,"30a","577",rare,l,Owned,Non-foil,false,,,"Normal","",
"Polluted Delta",0,"Land",UB,"ons","321",rare,l,Owned,Non-foil,false,,,"Normal","",18247
"Underground Sea",0,"Land",UB,"sum","290",rare,l,Owned,Non-foil,false,"https://media.discordapp.net/attachments/1017887073727938691/1074802551263875172/image.png",,"Unglued-2","",
"Underground Sea",0,"Land - Island Swamp",BU,"sum","290",rare,l,Owned,Non-foil,false,,,"Normal","",
"Watery Grave",0,"Land - Island Swamp",UB,"unf","278",rare,l,Owned,Non-foil,false,,,"Normal","",
"Badlands",0,"Land - Swamp Mountain",BR,"sum","282",rare,l,Owned,Non-foil,false,,,"Normal","",
"Blood Crypt",0,"Land - Swamp Mountain",BR,"unf","279",rare,l,Owned,Non-foil,false,,,"Normal","",
"Bloodstained Mire",0,"Land",BR,"ons","313",rare,l,Owned,Non-foil,false,,,"Normal","",18249
"Badlands",0,"Land",BR,"sum","282",rare,l,Owned,Non-foil,false,"https://media.discordapp.net/attachments/1017887073727938691/1074802551582625872/image.png",,"Unglued-2","",
"Chrome Mox",0,"Land",RG,"mrd","152",mythic,c,Owned,Non-foil,false,"https://media.discordapp.net/attachments/1017887073727938691/1038033942458146856/unknown.png",,"r/CustomMagic Bottom 5","",19831
"Stomping Ground",0,"Land - Mountain Forest",RG,"unf","280",rare,l,Owned,Non-foil,false,,,"Normal","",115518
"Taiga",0,"Land - Mountain Forest",GR,"2ed","283",rare,l,Owned,Non-foil,false,,,"Normal","",
"Wooded Foothills",0,"Land",RG,"ktk","249",rare,l,Owned,Non-foil,false,,,"Normal","",54200
"Treetop Village",0,"Land",WG,"ulg","143",uncommon,l,Owned,Non-foil,false,"https://media.discordapp.net/attachments/1017887073727938691/1038034382130262037/unknown.png",,"r/CustomMagic Bottom 5","",12501
"Savannah",0,"Land - Forest Plains",GW,"leb","281",rare,l,Owned,Non-foil,false,,,"Normal","",
"Temple Garden",0,"Land - Forest Plains",WG,"unf","281",rare,l,Owned,Non-foil,false,,,"Normal","",
"Windswept Heath",0,"Land",WG,"ktk","248",rare,l,Owned,Non-foil,false,,,"Normal","",54202
"Godless Shrine",0,"Land",WB,"unf","533",common,l,Owned,Non-foil,false,"https://media.discordapp.net/attachments/1017887073727938691/1037888255582011473/unknown.png",,"Hellscube","",
"Marsh Flats",0,"Land",WB,"zen","219",rare,l,Owned,Non-foil,false,,,"Normal","",34646
"Scrubland",0,"Land - Plains Swamp",BW,"cei","282",rare,l,Owned,Non-foil,false,,,"Normal","",
"Temple of Silence",0,"Land",WB,"ths","227",uncommon,l,Owned,Non-foil,false,"https://media.discordapp.net/attachments/1017887073727938691/1038034550451884092/unknown.png",,"r/CustomMagic Bottom 5","",50268
"Fiery Islet",0,"Land",UR,"mh1","238",rare,l,Owned,Non-foil,false,"https://media.discordapp.net/attachments/1017887073727938691/1038033060010147840/unknown.png",,"r/CustomMagic Bottom 5","",72848
"Scalding Tarn",0,"Land",UR,"mh2","254",rare,l,Owned,Non-foil,false,,,"Normal","",90889
"Steam Vents",0,"Land - Island Mountain",UR,"unf","283",rare,l,Owned,Non-foil,false,,,"Normal","",
"Volcanic Island",0,"Land - Island Mountain",RU,"leb","287",rare,l,Owned,Non-foil,false,,,"Normal","",
"Bayou",0,"Land - Swamp Forest",BG,"leb","279",rare,l,Owned,Non-foil,false,,,"Normal","",
"Noxious Bayou",0,"Land",BG,"cmb1","118",rare,l,Owned,Non-foil,false,,,"Playtest","",
"Overgrown Tomb",0,"Land - Swamp Forest",BG,"unf","284",rare,l,Owned,Non-foil,false,,,"Normal","",115526
"Verdant Catacombs",0,"Land",BG,"mm3","249",rare,l,Owned,Non-foil,false,,,"Normal","",63205
"Arid Mesa",0,"Land",WR,"zen","211",rare,l,Owned,Non-foil,false,,,"Normal","",34414
"Plateau",0,"Land - Mountain Plains",RW,"cei","280",rare,l,Owned,Non-foil,false,,,"Normal","",
"Sacred Foundry",0,"Land - Mountain Plains",WR,"unf","285",rare,l,Owned,Non-foil,false,,,"Normal","",
"Sunbaked Canyon",0,"Land",WR,"mh1","247",rare,l,Owned,Non-foil,false,,,"Normal","",72866
"Breeding Pool",0,"Land - Forest Island",UG,"unf","286",rare,l,Owned,Non-foil,false,,,"Normal","",
"Misty Rainforest",0,"Land",UG,"zen","220",rare,l,Owned,Non-foil,false,,,"Normal","",34622
"Tropical Island",0,"Land - Forest Island",GU,"cei","284",rare,l,Owned,Non-foil,false,,,"Normal","",
"Waterlogged Grove",0,"Land",UG,"mh1","249",rare,l,Owned,Non-foil,false,,,"Normal","",72870
"Spara's Headquarters",0,"Land - Forest Plains Island",WUG,"snc","293",rare,l,Owned,Non-foil,false,,,"Normal","",
"Raffine's Tower",0,"Land - Plains Island Swamp",WUB,"snc","292",rare,l,Owned,Non-foil,false,,,"Normal","",
"Xander's Lounge",0,"Land - Island Swamp Mountain",UBR,"snc","294",rare,l,Owned,Non-foil,false,,,"Normal","",
"Ziatora's Proving Ground",0,"Land - Swamp Mountain Forest",BRG,"snc","295",rare,l,Owned,Non-foil,false,,,"Normal","",
"Jetmir's Garden",0,"Land - Mountain Forest Plains",WRG,"snc","291",rare,l,Owned,Non-foil,false,,,"Normal","",
"Savai Triome",0,"Land - Mountain Plains Swamp",WBR,"iko","312",rare,l,Owned,Non-foil,false,,,"Normal","",
"Ketria Triome",0,"Land - Forest Island Mountain",URG,"iko","310",rare,l,Owned,Non-foil,false,,,"Normal","",
"Indatha Triome",0,"Land - Plains Swamp Forest",WBG,"iko","309",rare,l,Owned,Non-foil,false,,,"Normal","",
"Raugrin Triome",0,"Land - Island Mountain Plains",WUR,"iko","311",rare,l,Owned,Non-foil,false,,,"Normal","",
"Zagoth Triome",0,"Land - Swamp Forest Island",UBG,"iko","313",rare,l,Owned,Non-foil,false,,,"Normal","",
"Atzal, Cave of Eternity",0,"Legendary Land",WUBRG,"rix","160",rare,l,Owned,Non-foil,false,"https://c1.scryfall.com/file/scryfall-cards/large/back/d/8/d81c4b3f-81c2-403b-8a5d-c9415f73a1f9.jpg",,"Back-side","Atzal, Cave of Eternity T",66775
"Cryptic Spires",0,"Land",WUBRG,"2x2","332",common,l,Owned,Non-foil,false,"https://media.discordapp.net/attachments/1017887073727938691/1132324404186075207/2x2-332-cryptic-spires.png",,"Erratad","",102192
"Metzali, Tower of Triumph",0,"Legendary Land",WUBRG,"rix","165",rare,l,Owned,Non-foil,false,"https://c1.scryfall.com/file/scryfall-cards/large/back/6/6/66d9d524-3611-48d9-86c9-48e509e8ae70.jpg",,"Back-side","Metzali, Tower of Triumph T",66787
"Vault of Catlacan",0,"Legendary Land",WUBRG,"rix","173",rare,l,Owned,Non-foil,false,"https://c1.scryfall.com/file/scryfall-cards/large/back/c/1/c16ba84e-a0cc-4c6c-9b80-713247b8fef9.jpg",,"Back-side","Vault of Catlacan T",66807
"Winged Temple of Orazca",0,"Legendary Land",WUBRG,"rix","158",rare,l,Owned,Non-foil,false,"https://c1.scryfall.com/file/scryfall-cards/large/back/8/e/8e7554bc-8583-4059-8895-c3845bc27ae3.jpg",,"Back-side","Winged Temple of Orazca T",66769
"Adanto, the First Fort",0,"Legendary Land",W,"xln","22",rare,l,Owned,Non-foil,false,"https://c1.scryfall.com/file/scryfall-cards/large/back/0/5/05e2a5e6-3aaa-4096-bdd0-fcc1afe5a36c.jpg?1562550045",,"Back-side","Adanto, the First Fort T",65054
"Ancestral Recall",0,"Land",U,"2ed","48",uncommon,u,Owned,Non-foil,false,"https://media.discordapp.net/attachments/1017887073727938691/1038033975672840263/unknown.png",,"r/CustomMagic Bottom 5","",
"Ancient Tomb",0,"Land",,"ltc","387",mythic,l,Owned,Non-foil,false,,,"Normal","",
"Azcanta, the Sunken Ruin",0,"Legendary Land",U,"xln","74",rare,l,Owned,Non-foil,false,"https://c1.scryfall.com/file/scryfall-cards/large/back/1/a/1a7e242e-bb48-4134-a1c2-6033713d658f.jpg",,"Back-side","Azcanta, the Sunken Ruin T",65160
"Boseiju, Who Endures",0,"Legendary Land",G,"neo","266",rare,l,Owned,Non-foil,false,,,"Normal","",97482
"Cavern of Souls",0,"Land",,"ltc","392",mythic,l,Owned,Non-foil,false,,,"Normal","",
"Conqueror's Foothold",0,"Land",,"xln","234",rare,l,Owned,Non-foil,false,"https://c1.scryfall.com/file/scryfall-cards/large/back/0/2/02bb4b2a-3c9f-48ab-b2a5-ae31f06b82d9.jpg",,"Back-side","Conqueror's Foothold T",65488
"Eiganjo, Seat of the Empire",0,"Legendary Land",W,"neo","413",rare,l,Owned,Non-foil,false,,,"Normal","",
"Gaea's Cradle",0,"Legendary Land",G,"usg","321",rare,l,Owned,Non-foil,false,,,"Normal","",11867
"Inventors' Fair",0,"Legendary Land",,"kld","247",rare,l,Owned,Non-foil,false,,,"Normal","",61857
"Itlimoc, Cradle of the Sun",0,"Legendary Land",G,"xln","191",rare,l,Owned,Non-foil,false,"https://c1.scryfall.com/file/scryfall-cards/large/back/b/3/b3b87bfc-f97f-4734-94f6-e3e2f335fc4d.jpg",,"Back-side","Itlimoc, Cradle of the Sun T",65400
"Karakas",0,"Legendary Land",W,"ltc","367",mythic,l,Owned,Non-foil,false,,,"Normal","",111850
"Library of Alexandria",0,"Land",,"arn","76",uncommon,l,Owned,Non-foil,false,,,"Normal","",
"Mishra's Workshop",0,"Land",,"atq","81",rare,l,Owned,Non-foil,false,,,"Normal","",
"Otawara, Soaring City",0,"Legendary Land",U,"neo","271",rare,l,Owned,Non-foil,false,,,"Normal","",97492
"Shelldock Isle",0,"Land",U,"lrw","272",rare,l,Owned,Non-foil,false,,,"Normal","",28707
"Sokenzan, Crucible of Defiance",0,"Legendary Land",R,"neo","415",rare,l,Owned,Non-foil,false,,,"Normal","",
"Spires of Orazca",0,"Land",,"xln","249",rare,l,Owned,Non-foil,false,"https://c1.scryfall.com/file/scryfall-cards/large/back/3/9/392af78e-34d5-4b1b-8b29-0e702271e4d7.jpg",,"Back-side","Spires of Orazca T",65524
"Spitfire Bastion",0,"Legendary Land",R,"xln","173",rare,l,Owned,Non-foil,false,"https://c1.scryfall.com/file/scryfall-cards/large/back/9/e/9e8c0009-787f-480b-84b6-bf297f1fb466.jpg",,"Back-side","Spitfire Bastion T",65362
"Spreading Seas",0,"Legendary Land",U,"zen","70",mythic,u,Owned,Non-foil,false,"https://media.discordapp.net/attachments/1017887073727938691/1038033523392659456/unknown.png",,"r/CustomMagic Bottom 5","",34610
"Strip Mine",0,"Land",,"v09","13",mythic,l,Owned,Non-foil,false,,,"Normal","",33922
"Takenuma, Abandoned Mire",0,"Legendary Land",B,"neo","278",rare,l,Owned,Non-foil,false,,,"Normal","",97506
"Temple of Aclazotz",0,"Legendary Land",B,"xln","90",rare,l,Owned,Non-foil,false,"https://c1.scryfall.com/file/scryfall-cards/large/back/c/4/c4ac7570-e74e-4081-ac53-cf41e695b7eb.jpg",,"Back-side","Temple of Aclazotz T",65194
"Tolarian Academy",0,"Legendary Land",U,"usg","330",rare,l,Owned,Non-foil,false,,,"Normal","",11931
"Vesuva",0,"Land",,"tsr","289",mythic,l,Owned,Non-foil,false,"https://media.discordapp.net/attachments/1017887073727938691/1074800769167020192/vesuva.png",,"Misprint","",86953
"Wasteland",0,"Land",,"ltc","376",mythic,l,Owned,Non-foil,false,,,"Normal","",111868
"Sylvan Library",null,"Land",,"dmr","350",mythic,g,Owned,Non-foil,false,"https://media.discordapp.net/attachments/1017887073727938691/1074800769431244900/Pyrian_Spring.png",,"Ditzler","",107385
